,overall_satisfaction,room_comfort_satisfaction,room_cleanness_satisfaction,nationality,reception_satisfaction,breakfast_satisfaction,regime,segment,entertainment_satisfaction,id
1,2.989,3.0,3.0,ES,3.0,4.0,all inclusive,friends,4.0,1
3,5.9639999999999995,4.0,4.0,UK,4.0,5.0,all inclusive,family,5.0,3
4,2.122,5.0,5.0,ES,3.0,5.0,all inclusive,friends,3.0,4
5,5.41,5.0,5.0,UK,4.0,5.0,all inclusive,business,5.0,5
6,5.41,5.0,5.0,DE,4.0,5.0,all inclusive,family,5.0,6
7,2.195,3.0,3.0,ES,2.0,5.0,all inclusive,friends,4.0,7
8,2.91,5.0,5.0,ES,4.0,5.0,all inclusive,family,5.0,8
9,3.695,3.0,3.0,DE,2.0,5.0,all inclusive,family,5.0,9
10,5.41,5.0,5.0,UK,4.0,5.0,all inclusive,business,3.0,10
11,1.8880000000000001,3.0,3.0,ES,4.0,5.0,all inclusive,friends,4.0,11
12,2.101,3.0,3.0,ES,3.0,5.0,all inclusive,family,1.0,12
14,4.101,3.0,3.0,UK,3.0,5.0,all inclusive,friends,5.0,14
15,2.464,4.0,4.0,ES,4.0,5.0,all inclusive,couple,5.0,15
17,1.464,4.0,5.0,ES,4.0,5.0,all inclusive,family,5.0,17
18,5.41,5.0,5.0,UK,4.0,5.0,all inclusive,family,3.0,18
20,5.41,5.0,5.0,UK,4.0,5.0,all inclusive,couple,4.0,20
21,2.384,2.0,2.0,ES,2.0,5.0,all inclusive,family,4.0,21
22,2.464,4.0,4.0,ES,4.0,5.0,all inclusive,business,2.0,22
23,4.388,3.0,3.0,UK,4.0,5.0,all inclusive,friends,5.0,23
24,3.964,4.0,4.0,UK,4.0,5.0,all inclusive,couple,5.0,24
27,4.41,5.0,5.0,DE,4.0,5.0,all inclusive,friends,5.0,27
28,2.464,4.0,4.0,ES,4.0,5.0,all inclusive,friends,1.0,28
29,1.3840000000000001,2.0,2.0,ES,2.0,5.0,all inclusive,friends,2.0,29
30,2.91,5.0,5.0,ES,4.0,5.0,all inclusive,couple,5.0,30
31,5.41,5.0,5.0,DE,4.0,5.0,all inclusive,family,4.0,31
33,3.633,5.0,5.0,ES,5.0,5.0,all inclusive,family,5.0,33
34,3.91,5.0,5.0,ES,4.0,5.0,all inclusive,family,4.0,34
36,2.91,5.0,5.0,ES,4.0,5.0,all inclusive,family,2.0,36
38,2.91,5.0,5.0,ES,4.0,5.0,all inclusive,family,5.0,38
39,4.9639999999999995,4.0,4.0,UK,4.0,5.0,all inclusive,business,3.0,39
40,1.273,2.0,2.0,ES,2.0,4.0,all inclusive,friends,4.0,40
42,2.101,3.0,3.0,ES,3.0,5.0,all inclusive,couple,4.0,42
43,5.9639999999999995,4.0,4.0,UK,4.0,5.0,all inclusive,couple,4.0,43
45,5.41,5.0,5.0,UK,4.0,5.0,all inclusive,family,3.0,45
47,5.41,5.0,5.0,UK,4.0,5.0,all inclusive,business,5.0,47
49,5.41,5.0,5.0,UK,4.0,5.0,all inclusive,business,1.0,49
50,2.91,5.0,5.0,ES,4.0,5.0,all inclusive,family,5.0,50
51,-0.002,1.0,1.0,ES,2.0,5.0,all inclusive,family,1.0,51
52,3.695,3.0,5.0,UK,2.0,5.0,all inclusive,business,5.0,52
53,5.101,3.0,3.0,UK,3.0,5.0,all inclusive,business,5.0,53
55,2.91,5.0,5.0,ES,4.0,5.0,all inclusive,family,4.0,55
57,5.101,3.0,3.0,UK,3.0,5.0,all inclusive,family,4.0,57
58,0.998,1.0,1.0,ES,2.0,5.0,all inclusive,family,5.0,58
60,4.9639999999999995,4.0,4.0,DE,4.0,5.0,all inclusive,friends,2.0,60
64,1.3840000000000001,2.0,2.0,ES,2.0,5.0,all inclusive,family,4.0,64
68,2.101,3.0,3.0,ES,3.0,5.0,all inclusive,couple,3.0,68
70,2.884,2.0,5.0,UK,2.0,5.0,all inclusive,family,5.0,70
71,3.91,5.0,5.0,ES,4.0,5.0,all inclusive,family,3.0,71
72,4.41,5.0,5.0,DE,4.0,5.0,all inclusive,family,5.0,72
73,3.695,3.0,5.0,DE,2.0,5.0,all inclusive,couple,5.0,73
74,2.91,5.0,5.0,ES,4.0,5.0,all inclusive,family,5.0,74
75,2.91,5.0,5.0,ES,4.0,5.0,all inclusive,family,5.0,75
77,5.122000000000001,5.0,5.0,UK,3.0,5.0,all inclusive,couple,4.0,77
78,2.91,5.0,5.0,ES,4.0,5.0,all inclusive,couple,5.0,78
79,3.91,5.0,5.0,ES,4.0,5.0,all inclusive,friends,5.0,79
80,2.101,3.0,3.0,ES,3.0,5.0,all inclusive,friends,5.0,80
81,4.401,3.0,3.0,FR,3.0,5.0,all inclusive,business,4.0,81
82,4.9639999999999995,4.0,4.0,UK,4.0,5.0,all inclusive,friends,5.0,82
83,1.273,2.0,2.0,ES,2.0,4.0,all inclusive,friends,5.0,83
84,2.91,5.0,5.0,ES,4.0,5.0,all inclusive,family,5.0,84
87,2.91,5.0,5.0,ES,4.0,5.0,all inclusive,family,3.0,87
89,4.9639999999999995,4.0,4.0,UK,4.0,5.0,all inclusive,family,4.0,89
90,4.933,5.0,5.0,FR,5.0,5.0,all inclusive,family,4.0,90
91,4.27,4.0,4.0,UK,2.0,5.0,all inclusive,family,5.0,91
94,5.41,5.0,5.0,UK,4.0,5.0,all inclusive,business,5.0,94
95,2.884,2.0,2.0,UK,2.0,5.0,all inclusive,business,1.0,95
98,2.884,2.0,2.0,UK,2.0,5.0,all inclusive,friends,1.0,98
100,5.263999999999999,4.0,4.0,FR,4.0,5.0,all inclusive,family,3.0,100
101,2.464,4.0,4.0,ES,4.0,5.0,all inclusive,friends,2.0,101
102,5.632999999999999,5.0,5.0,UK,5.0,5.0,all inclusive,friends,4.0,102
103,4.101,3.0,3.0,UK,3.0,5.0,all inclusive,couple,4.0,103
104,2.91,5.0,5.0,ES,4.0,5.0,all inclusive,family,4.0,104
106,4.9639999999999995,4.0,5.0,UK,4.0,5.0,all inclusive,friends,3.0,106
107,2.91,5.0,5.0,ES,4.0,5.0,all inclusive,family,1.0,107
108,4.41,5.0,5.0,UK,4.0,5.0,all inclusive,family,5.0,108
111,2.91,5.0,5.0,ES,4.0,5.0,all inclusive,family,1.0,111
112,4.101,3.0,3.0,UK,3.0,5.0,all inclusive,couple,4.0,112
113,4.976,4.0,4.0,FR,3.0,5.0,all inclusive,couple,4.0,113
114,4.9639999999999995,4.0,4.0,UK,4.0,5.0,all inclusive,couple,5.0,114
115,0.29,2.0,2.0,ES,3.0,5.0,all inclusive,business,4.0,115
116,2.77,4.0,4.0,ES,2.0,5.0,all inclusive,business,5.0,116
117,5.41,5.0,5.0,UK,4.0,5.0,all inclusive,couple,1.0,117
118,4.41,5.0,5.0,DE,4.0,5.0,all inclusive,business,4.0,118
120,2.91,5.0,5.0,ES,4.0,5.0,all inclusive,business,5.0,120
121,5.41,5.0,5.0,DE,4.0,5.0,all inclusive,couple,3.0,121
122,3.77,4.0,4.0,ES,2.0,5.0,all inclusive,couple,5.0,122
124,1.3840000000000001,2.0,2.0,ES,2.0,5.0,all inclusive,family,5.0,124
125,-0.114,1.0,1.0,ES,2.0,4.0,all inclusive,family,5.0,125
127,4.101,3.0,3.0,UK,3.0,5.0,all inclusive,family,1.0,127
128,3.195,3.0,3.0,ES,2.0,5.0,all inclusive,family,4.0,128
129,2.464,4.0,4.0,ES,4.0,5.0,all inclusive,couple,5.0,129
131,2.884,2.0,2.0,UK,2.0,5.0,all inclusive,business,5.0,131
132,5.41,5.0,5.0,DE,4.0,5.0,all inclusive,family,5.0,132
135,2.884,2.0,5.0,US,2.0,5.0,all inclusive,couple,5.0,135
136,2.464,4.0,4.0,ES,4.0,5.0,all inclusive,family,4.0,136
138,3.464,4.0,5.0,ES,4.0,5.0,all inclusive,family,3.0,138
144,5.41,5.0,5.0,DE,4.0,5.0,all inclusive,family,5.0,144
146,5.101,3.0,3.0,UK,3.0,5.0,all inclusive,family,5.0,146
148,2.91,5.0,5.0,ES,4.0,5.0,all inclusive,friends,5.0,148
149,5.263999999999999,4.0,4.0,FR,4.0,5.0,all inclusive,family,4.0,149
150,4.989,3.0,3.0,DE,3.0,4.0,all inclusive,couple,4.0,150
151,4.388,3.0,3.0,DE,4.0,5.0,all inclusive,family,3.0,151
152,4.9639999999999995,4.0,4.0,DE,4.0,5.0,all inclusive,family,3.0,152
153,2.91,5.0,5.0,ES,4.0,5.0,all inclusive,business,5.0,153
154,3.91,5.0,5.0,ES,4.0,5.0,all inclusive,family,3.0,154
155,5.71,5.0,5.0,FR,4.0,5.0,all inclusive,family,4.0,155
156,5.152,4.0,4.0,FR,4.0,4.0,all inclusive,family,3.0,156
157,1.3840000000000001,2.0,2.0,ES,2.0,5.0,all inclusive,family,5.0,157
159,1.989,3.0,3.0,ES,3.0,4.0,all inclusive,friends,5.0,159
160,2.195,3.0,3.0,ES,2.0,5.0,all inclusive,friends,5.0,160
161,2.91,5.0,5.0,ES,4.0,5.0,all inclusive,business,5.0,161
162,2.464,4.0,5.0,ES,4.0,5.0,all inclusive,business,5.0,162
163,2.464,4.0,4.0,ES,4.0,5.0,all inclusive,family,5.0,163
164,2.195,3.0,3.0,ES,2.0,5.0,all inclusive,family,4.0,164
165,3.995,3.0,5.0,FR,2.0,5.0,all inclusive,family,3.0,165
166,5.122000000000001,5.0,5.0,UK,3.0,5.0,all inclusive,family,5.0,166
171,4.676,4.0,4.0,UK,3.0,5.0,all inclusive,friends,5.0,171
173,4.9639999999999995,4.0,4.0,UK,4.0,5.0,all inclusive,business,5.0,173
174,3.91,5.0,5.0,ES,4.0,5.0,all inclusive,family,5.0,174
175,4.9639999999999995,4.0,5.0,UK,4.0,5.0,all inclusive,family,4.0,175
176,1.3840000000000001,2.0,2.0,ES,2.0,5.0,all inclusive,family,3.0,176
178,1.91,5.0,5.0,ES,4.0,5.0,all inclusive,friends,5.0,178
179,4.71,5.0,5.0,FR,4.0,5.0,all inclusive,family,3.0,179
180,5.41,5.0,5.0,DE,4.0,5.0,all inclusive,business,5.0,180
181,2.101,3.0,3.0,ES,3.0,5.0,all inclusive,couple,2.0,181
182,0.273,2.0,2.0,ES,2.0,5.0,all inclusive,family,4.0,182
183,5.41,5.0,5.0,UK,4.0,5.0,all inclusive,family,3.0,183
184,2.91,5.0,5.0,ES,4.0,5.0,all inclusive,friends,4.0,184
185,5.41,5.0,5.0,UK,4.0,5.0,all inclusive,family,5.0,185
187,1.8880000000000001,3.0,3.0,ES,4.0,5.0,all inclusive,family,5.0,187
190,5.41,5.0,5.0,DE,4.0,5.0,all inclusive,family,1.0,190
193,6.632999999999999,5.0,5.0,DE,5.0,5.0,all inclusive,family,3.0,193
194,2.352,4.0,4.0,ES,4.0,4.0,all inclusive,friends,4.0,194
196,3.91,5.0,5.0,ES,4.0,5.0,all inclusive,couple,5.0,196
199,4.9639999999999995,4.0,4.0,UK,4.0,5.0,all inclusive,family,4.0,199
200,5.9639999999999995,4.0,4.0,UK,4.0,5.0,all inclusive,family,4.0,200
202,4.9639999999999995,4.0,4.0,DE,4.0,5.0,all inclusive,family,5.0,202
203,5.41,5.0,5.0,DE,4.0,5.0,all inclusive,friends,3.0,203
204,5.122000000000001,5.0,5.0,UK,3.0,5.0,all inclusive,couple,5.0,204
205,2.464,4.0,4.0,ES,4.0,5.0,all inclusive,business,5.0,205
207,5.41,5.0,5.0,US,4.0,5.0,all inclusive,couple,4.0,207
209,1.8840000000000001,2.0,2.0,DE,2.0,5.0,all inclusive,business,4.0,209
210,4.41,5.0,5.0,UK,4.0,5.0,all inclusive,family,5.0,210
211,5.41,5.0,5.0,UK,4.0,5.0,all inclusive,family,4.0,211
212,2.464,4.0,4.0,ES,4.0,5.0,all inclusive,family,5.0,212
214,2.633,5.0,5.0,ES,5.0,5.0,all inclusive,business,4.0,214
215,2.91,5.0,5.0,ES,4.0,5.0,all inclusive,couple,4.0,215
216,1.464,4.0,4.0,ES,4.0,5.0,all inclusive,family,5.0,216
217,2.498,1.0,1.0,UK,2.0,5.0,all inclusive,friends,5.0,217
218,5.9639999999999995,4.0,4.0,UK,4.0,5.0,all inclusive,family,5.0,218
220,6.41,5.0,5.0,UK,4.0,5.0,all inclusive,family,4.0,220
221,1.3840000000000001,2.0,2.0,ES,2.0,5.0,all inclusive,friends,5.0,221
224,4.9639999999999995,4.0,4.0,US,4.0,5.0,all inclusive,friends,2.0,224
226,2.91,5.0,5.0,ES,4.0,5.0,all inclusive,couple,5.0,226
227,3.464,4.0,4.0,ES,4.0,5.0,all inclusive,couple,5.0,227
231,4.9639999999999995,4.0,4.0,UK,4.0,5.0,all inclusive,family,5.0,231
232,2.676,4.0,4.0,ES,3.0,5.0,all inclusive,family,5.0,232
234,4.9639999999999995,4.0,4.0,UK,4.0,5.0,all inclusive,family,3.0,234
235,4.101,3.0,3.0,UK,3.0,5.0,all inclusive,business,2.0,235
237,2.195,3.0,3.0,ES,2.0,5.0,all inclusive,family,4.0,237
239,2.91,5.0,5.0,ES,4.0,5.0,all inclusive,family,5.0,239
240,2.91,5.0,5.0,ES,4.0,5.0,all inclusive,family,2.0,240
241,2.798,5.0,5.0,ES,4.0,4.0,all inclusive,family,5.0,241
242,2.888,3.0,3.0,ES,4.0,5.0,all inclusive,family,1.0,242
244,4.9639999999999995,4.0,4.0,UK,4.0,5.0,all inclusive,family,5.0,244
245,5.41,5.0,5.0,US,4.0,5.0,all inclusive,business,5.0,245
247,2.464,4.0,4.0,ES,4.0,5.0,all inclusive,family,5.0,247
248,5.41,5.0,5.0,UK,4.0,5.0,all inclusive,family,5.0,248
250,2.91,5.0,5.0,ES,4.0,5.0,all inclusive,couple,4.0,250
251,5.297999999999999,5.0,5.0,UK,4.0,4.0,all inclusive,family,4.0,251
252,1.29,2.0,2.0,ES,3.0,5.0,all inclusive,family,5.0,252
253,1.4980000000000002,1.0,1.0,DE,2.0,5.0,all inclusive,business,4.0,253
256,5.122000000000001,5.0,5.0,UK,3.0,5.0,all inclusive,friends,3.0,256
257,4.9639999999999995,4.0,4.0,US,4.0,5.0,all inclusive,family,5.0,257
258,2.464,4.0,4.0,ES,4.0,5.0,all inclusive,family,5.0,258
259,2.464,4.0,4.0,ES,4.0,5.0,all inclusive,business,5.0,259
260,2.633,5.0,5.0,ES,5.0,5.0,all inclusive,family,4.0,260
263,4.9639999999999995,4.0,4.0,UK,4.0,5.0,all inclusive,couple,5.0,263
264,1.4980000000000002,1.0,1.0,UK,2.0,5.0,all inclusive,business,4.0,264
265,2.101,3.0,3.0,ES,3.0,5.0,all inclusive,couple,4.0,265
266,1.3840000000000001,2.0,2.0,ES,2.0,5.0,all inclusive,couple,4.0,266
267,4.41,5.0,5.0,UK,4.0,5.0,all inclusive,family,5.0,267
268,2.884,2.0,2.0,DE,2.0,5.0,all inclusive,family,4.0,268
269,1.464,4.0,4.0,ES,4.0,5.0,all inclusive,friends,5.0,269
270,1.29,2.0,2.0,ES,3.0,5.0,all inclusive,friends,5.0,270
271,4.9639999999999995,4.0,4.0,UK,4.0,5.0,all inclusive,friends,5.0,271
274,4.676,4.0,4.0,UK,3.0,5.0,all inclusive,friends,4.0,274
275,1.91,5.0,5.0,ES,4.0,5.0,all inclusive,friends,1.0,275
276,2.884,2.0,2.0,US,2.0,5.0,all inclusive,family,5.0,276
277,5.71,5.0,5.0,FR,4.0,5.0,all inclusive,family,3.0,277
278,5.41,5.0,5.0,UK,4.0,5.0,all inclusive,couple,5.0,278
279,2.352,4.0,4.0,ES,4.0,4.0,all inclusive,friends,4.0,279
281,2.91,5.0,5.0,ES,4.0,5.0,all inclusive,family,5.0,281
284,4.9639999999999995,4.0,4.0,UK,4.0,5.0,all inclusive,family,3.0,284
286,3.388,3.0,3.0,UK,4.0,5.0,all inclusive,business,3.0,286
287,3.073,2.0,2.0,FR,2.0,4.0,all inclusive,family,3.0,287
288,1.8880000000000001,3.0,3.0,ES,4.0,5.0,all inclusive,family,5.0,288
289,2.464,4.0,4.0,ES,4.0,5.0,all inclusive,couple,5.0,289
291,4.101,3.0,3.0,DE,3.0,5.0,all inclusive,business,4.0,291
292,6.41,5.0,5.0,UK,4.0,5.0,all inclusive,couple,5.0,292
293,4.9639999999999995,4.0,4.0,UK,4.0,5.0,all inclusive,family,5.0,293
294,4.122,5.0,5.0,UK,3.0,5.0,all inclusive,couple,4.0,294
296,2.91,5.0,5.0,ES,4.0,5.0,all inclusive,business,5.0,296
297,-0.002,1.0,5.0,ES,2.0,5.0,all inclusive,business,5.0,297
298,2.91,5.0,5.0,ES,4.0,5.0,all inclusive,family,5.0,298
299,2.884,2.0,2.0,UK,2.0,5.0,all inclusive,family,5.0,299
301,4.388,3.0,3.0,UK,4.0,5.0,all inclusive,family,3.0,301
302,5.41,5.0,5.0,UK,4.0,5.0,all inclusive,business,2.0,302
304,2.101,3.0,5.0,ES,3.0,5.0,all inclusive,business,5.0,304
305,2.884,2.0,2.0,UK,2.0,5.0,all inclusive,family,4.0,305
308,1.8880000000000001,3.0,3.0,ES,4.0,5.0,all inclusive,business,5.0,308
311,3.91,5.0,5.0,ES,4.0,5.0,all inclusive,business,5.0,311
313,2.101,3.0,3.0,ES,3.0,5.0,all inclusive,family,5.0,313
314,2.101,3.0,3.0,ES,3.0,5.0,all inclusive,friends,5.0,314
319,5.41,5.0,5.0,UK,4.0,5.0,all inclusive,family,5.0,319
320,5.41,5.0,5.0,UK,4.0,5.0,all inclusive,couple,5.0,320
321,2.91,5.0,5.0,ES,4.0,5.0,all inclusive,business,5.0,321
322,4.9639999999999995,4.0,4.0,US,4.0,5.0,all inclusive,friends,5.0,322
323,4.676,4.0,4.0,UK,3.0,5.0,all inclusive,business,5.0,323
324,3.464,5.0,4.0,ES,4.0,5.0,all inclusive,friends,5.0,324
326,3.1010000000000004,3.0,3.0,UK,3.0,5.0,all inclusive,family,5.0,326
327,2.91,5.0,5.0,ES,4.0,5.0,all inclusive,family,5.0,327
329,5.71,5.0,5.0,FR,4.0,5.0,all inclusive,couple,5.0,329
330,2.91,5.0,5.0,ES,4.0,5.0,all inclusive,couple,4.0,330
331,2.91,5.0,5.0,ES,4.0,5.0,all inclusive,family,4.0,331
332,1.91,5.0,5.0,ES,4.0,5.0,all inclusive,couple,5.0,332
333,2.464,4.0,4.0,ES,4.0,5.0,all inclusive,family,5.0,333
335,2.464,4.0,4.0,ES,4.0,5.0,all inclusive,friends,5.0,335
337,3.77,4.0,4.0,ES,2.0,5.0,all inclusive,family,5.0,337
339,4.9639999999999995,4.0,4.0,UK,4.0,5.0,all inclusive,family,4.0,339
340,2.91,5.0,5.0,ES,4.0,5.0,all inclusive,couple,5.0,340
341,2.464,4.0,4.0,ES,4.0,5.0,all inclusive,couple,5.0,341
342,4.277,3.0,3.0,US,4.0,4.0,all inclusive,couple,3.0,342
344,1.8880000000000001,3.0,3.0,ES,4.0,5.0,all inclusive,business,5.0,344
346,1.903,1.0,1.0,US,3.0,5.0,all inclusive,business,3.0,346
347,4.676,4.0,4.0,DE,3.0,5.0,all inclusive,family,2.0,347
349,2.884,2.0,2.0,UK,2.0,5.0,all inclusive,family,2.0,349
350,2.101,3.0,3.0,ES,3.0,5.0,all inclusive,couple,4.0,350
351,4.9639999999999995,4.0,4.0,US,4.0,5.0,all inclusive,family,5.0,351
352,2.884,2.0,2.0,UK,2.0,5.0,all inclusive,couple,3.0,352
353,5.632999999999999,5.0,5.0,US,5.0,5.0,all inclusive,business,5.0,353
354,5.71,5.0,5.0,FR,4.0,5.0,all inclusive,couple,3.0,354
355,2.464,4.0,4.0,ES,4.0,5.0,all inclusive,family,5.0,355
356,2.464,4.0,4.0,ES,4.0,5.0,all inclusive,family,4.0,356
357,2.91,5.0,5.0,ES,4.0,5.0,all inclusive,business,5.0,357
358,3.464,4.0,4.0,ES,4.0,5.0,all inclusive,family,5.0,358
361,5.41,5.0,5.0,UK,4.0,5.0,all inclusive,family,5.0,361
364,-0.002,1.0,1.0,ES,2.0,5.0,all inclusive,family,3.0,364
365,4.101,5.0,3.0,DE,3.0,5.0,all inclusive,family,5.0,365
366,4.101,3.0,3.0,UK,4.0,5.0,all inclusive,family,5.0,366
367,1.29,2.0,2.0,ES,3.0,5.0,all inclusive,business,5.0,367
372,1.273,2.0,2.0,ES,2.0,4.0,all inclusive,couple,4.0,372
373,5.9639999999999995,4.0,4.0,DE,4.0,5.0,all inclusive,friends,5.0,373
374,2.91,5.0,5.0,ES,4.0,5.0,all inclusive,family,5.0,374
376,3.964,4.0,4.0,UK,4.0,5.0,all inclusive,couple,5.0,376
378,1.101,3.0,3.0,ES,3.0,5.0,all inclusive,friends,3.0,378
379,0.805,1.0,1.0,UK,1.0,5.0,all inclusive,friends,4.0,379
380,4.41,5.0,5.0,UK,4.0,5.0,all inclusive,business,5.0,380
381,2.101,3.0,3.0,ES,3.0,5.0,all inclusive,family,1.0,381
382,3.1010000000000004,3.0,3.0,ES,3.0,5.0,all inclusive,family,4.0,382
383,2.464,4.0,4.0,ES,4.0,5.0,all inclusive,couple,3.0,383
385,2.384,2.0,2.0,ES,2.0,5.0,all inclusive,family,4.0,385
386,1.4980000000000002,1.0,1.0,UK,2.0,5.0,all inclusive,friends,5.0,386
387,5.41,5.0,5.0,DE,4.0,5.0,all inclusive,business,5.0,387
388,5.122000000000001,5.0,5.0,UK,3.0,5.0,all inclusive,couple,5.0,388
391,5.41,5.0,5.0,UK,4.0,5.0,all inclusive,family,2.0,391
392,5.41,5.0,5.0,DE,4.0,5.0,all inclusive,friends,5.0,392
393,2.91,5.0,5.0,ES,4.0,5.0,all inclusive,friends,4.0,393
394,5.101,3.0,3.0,UK,3.0,5.0,all inclusive,couple,5.0,394
395,5.632999999999999,5.0,5.0,US,5.0,5.0,all inclusive,business,5.0,395
396,2.91,5.0,5.0,ES,4.0,5.0,all inclusive,family,4.0,396
398,2.464,4.0,4.0,ES,4.0,5.0,all inclusive,family,3.0,398
401,3.695,3.0,3.0,UK,2.0,5.0,all inclusive,family,5.0,401
402,3.91,5.0,5.0,ES,4.0,5.0,all inclusive,family,4.0,402
403,3.91,5.0,5.0,ES,4.0,5.0,all inclusive,family,1.0,403
404,1.464,4.0,4.0,ES,4.0,5.0,all inclusive,couple,5.0,404
405,1.798,5.0,5.0,ES,4.0,4.0,all inclusive,business,1.0,405
408,2.676,4.0,4.0,ES,3.0,5.0,all inclusive,couple,5.0,408
409,3.464,4.0,4.0,ES,4.0,5.0,all inclusive,friends,5.0,409
410,2.91,5.0,5.0,ES,4.0,5.0,all inclusive,couple,3.0,410
411,0.888,3.0,3.0,ES,4.0,5.0,all inclusive,business,5.0,411
412,4.9639999999999995,4.0,4.0,UK,4.0,5.0,all inclusive,couple,5.0,412
413,3.1010000000000004,3.0,3.0,ES,3.0,5.0,all inclusive,family,5.0,413
416,-0.002,1.0,1.0,ES,2.0,5.0,all inclusive,friends,1.0,416
417,5.632999999999999,5.0,5.0,UK,5.0,5.0,all inclusive,business,5.0,417
418,1.3840000000000001,2.0,2.0,ES,2.0,5.0,all inclusive,family,5.0,418
420,2.464,4.0,4.0,ES,4.0,5.0,all inclusive,business,5.0,420
421,4.9639999999999995,4.0,4.0,DE,4.0,5.0,all inclusive,business,4.0,421
422,5.41,5.0,5.0,UK,4.0,5.0,all inclusive,family,4.0,422
423,2.91,5.0,5.0,ES,4.0,5.0,all inclusive,family,2.0,423
424,4.976,4.0,4.0,FR,3.0,5.0,all inclusive,couple,4.0,424
425,2.888,3.0,3.0,ES,4.0,5.0,all inclusive,family,4.0,425
427,5.41,5.0,5.0,DE,4.0,5.0,all inclusive,couple,5.0,427
428,5.41,5.0,5.0,UK,4.0,5.0,all inclusive,friends,5.0,428
431,4.9639999999999995,4.0,4.0,UK,4.0,5.0,all inclusive,friends,5.0,431
433,2.91,5.0,5.0,ES,4.0,5.0,all inclusive,friends,5.0,433
434,5.41,5.0,5.0,UK,4.0,5.0,all inclusive,business,4.0,434
435,4.388,3.0,3.0,UK,4.0,5.0,all inclusive,family,5.0,435
436,4.101,3.0,3.0,US,3.0,5.0,all inclusive,family,2.0,436
437,1.8840000000000001,2.0,5.0,UK,2.0,5.0,all inclusive,family,5.0,437
438,2.464,4.0,4.0,ES,4.0,5.0,all inclusive,friends,5.0,438
439,2.464,4.0,4.0,ES,4.0,5.0,all inclusive,family,5.0,439
440,2.91,5.0,5.0,ES,4.0,5.0,all inclusive,couple,5.0,440
441,2.464,4.0,4.0,ES,4.0,5.0,all inclusive,business,5.0,441
442,2.91,5.0,5.0,ES,4.0,5.0,all inclusive,friends,5.0,442
443,2.91,5.0,5.0,ES,4.0,5.0,all inclusive,couple,5.0,443
444,5.41,5.0,5.0,DE,4.0,5.0,all inclusive,friends,4.0,444
448,5.71,5.0,5.0,FR,4.0,5.0,all inclusive,couple,5.0,448
450,2.884,2.0,2.0,DE,2.0,5.0,all inclusive,family,5.0,450
451,3.29,2.0,2.0,UK,3.0,5.0,all inclusive,friends,5.0,451
452,2.884,2.0,2.0,UK,2.0,5.0,all inclusive,family,4.0,452
453,5.41,5.0,5.0,UK,4.0,5.0,all inclusive,couple,5.0,453
455,4.298,5.0,5.0,US,4.0,4.0,all inclusive,family,2.0,455
456,2.101,3.0,3.0,ES,3.0,5.0,all inclusive,family,5.0,456
458,2.464,4.0,5.0,ES,4.0,5.0,all inclusive,family,4.0,458
459,4.388,3.0,3.0,DE,4.0,5.0,all inclusive,family,5.0,459
460,-0.002,1.0,1.0,ES,2.0,5.0,all inclusive,couple,3.0,460
463,5.101,3.0,3.0,DE,3.0,5.0,all inclusive,family,2.0,463
464,5.41,5.0,5.0,DE,4.0,5.0,all inclusive,couple,5.0,464
465,4.9639999999999995,4.0,4.0,DE,4.0,5.0,all inclusive,family,4.0,465
466,1.91,5.0,5.0,ES,4.0,5.0,all inclusive,friends,2.0,466
467,1.101,3.0,3.0,ES,3.0,5.0,all inclusive,business,4.0,467
468,6.71,5.0,5.0,FR,4.0,5.0,all inclusive,couple,4.0,468
469,5.41,5.0,5.0,UK,4.0,5.0,all inclusive,couple,5.0,469
471,2.464,4.0,4.0,ES,4.0,5.0,all inclusive,business,2.0,471
472,2.464,4.0,4.0,ES,4.0,5.0,all inclusive,family,5.0,472
473,4.9639999999999995,4.0,4.0,US,4.0,5.0,all inclusive,family,2.0,473
474,3.695,3.0,3.0,UK,2.0,5.0,all inclusive,family,5.0,474
475,2.91,5.0,5.0,ES,4.0,5.0,all inclusive,business,5.0,475
476,5.41,5.0,5.0,DE,4.0,5.0,all inclusive,couple,5.0,476
477,4.9639999999999995,4.0,4.0,US,4.0,5.0,all inclusive,friends,5.0,477
479,2.464,4.0,4.0,ES,4.0,5.0,all inclusive,business,2.0,479
480,2.464,4.0,4.0,ES,4.0,5.0,all inclusive,family,5.0,480
482,5.41,5.0,5.0,UK,4.0,5.0,all inclusive,friends,5.0,482
483,1.4980000000000002,1.0,1.0,UK,2.0,5.0,all inclusive,couple,5.0,483
484,2.91,5.0,5.0,ES,4.0,5.0,all inclusive,family,3.0,484
485,4.9639999999999995,4.0,4.0,UK,4.0,5.0,all inclusive,friends,5.0,485
488,2.464,4.0,4.0,ES,4.0,5.0,all inclusive,family,4.0,488
490,-0.002,1.0,1.0,ES,2.0,5.0,all inclusive,business,5.0,490
491,3.464,4.0,4.0,ES,4.0,5.0,all inclusive,family,3.0,491
492,2.91,5.0,5.0,ES,4.0,5.0,all inclusive,couple,1.0,492
493,2.884,2.0,2.0,US,2.0,5.0,all inclusive,business,4.0,493
494,5.71,5.0,5.0,FR,4.0,5.0,all inclusive,friends,4.0,494
496,3.695,3.0,3.0,UK,2.0,5.0,all inclusive,couple,5.0,496
497,2.91,5.0,5.0,ES,4.0,5.0,all inclusive,family,5.0,497
500,2.91,5.0,5.0,ES,4.0,5.0,all inclusive,business,4.0,500
501,2.91,5.0,5.0,ES,4.0,5.0,all inclusive,couple,5.0,501
502,1.3519999999999999,4.0,4.0,ES,4.0,4.0,all inclusive,couple,5.0,502
503,5.41,5.0,5.0,DE,4.0,5.0,all inclusive,family,4.0,503
505,1.3840000000000001,2.0,2.0,ES,2.0,5.0,all inclusive,business,5.0,505
506,4.41,5.0,5.0,UK,4.0,5.0,all inclusive,family,4.0,506
507,5.297999999999999,5.0,5.0,DE,4.0,4.0,all inclusive,family,2.0,507
508,5.9639999999999995,4.0,4.0,US,4.0,5.0,all inclusive,family,5.0,508
510,-0.002,1.0,1.0,ES,2.0,5.0,all inclusive,family,5.0,510
511,-0.002,1.0,1.0,ES,2.0,5.0,all inclusive,friends,5.0,511
512,2.91,5.0,5.0,ES,4.0,5.0,all inclusive,business,5.0,512
514,3.91,5.0,5.0,ES,4.0,5.0,all inclusive,family,4.0,514
517,1.3840000000000001,2.0,2.0,ES,2.0,5.0,all inclusive,business,5.0,517
518,5.632999999999999,5.0,5.0,UK,5.0,5.0,all inclusive,business,5.0,518
519,2.101,3.0,3.0,ES,3.0,5.0,all inclusive,family,4.0,519
522,1.4980000000000002,1.0,1.0,UK,2.0,5.0,all inclusive,friends,3.0,522
525,4.852,4.0,4.0,UK,4.0,4.0,all inclusive,family,3.0,525
526,4.41,5.0,5.0,UK,4.0,5.0,all inclusive,friends,5.0,526
527,2.464,4.0,4.0,ES,4.0,5.0,all inclusive,family,5.0,527
528,1.8880000000000001,3.0,3.0,ES,4.0,5.0,all inclusive,couple,4.0,528
532,3.964,4.0,4.0,UK,4.0,5.0,all inclusive,family,5.0,532
533,3.91,5.0,5.0,ES,4.0,5.0,all inclusive,couple,5.0,533
534,5.41,5.0,5.0,DE,4.0,5.0,all inclusive,couple,1.0,534
535,2.91,5.0,5.0,ES,4.0,5.0,all inclusive,family,5.0,535
538,4.401,3.0,3.0,FR,3.0,5.0,all inclusive,family,5.0,538
539,2.91,5.0,5.0,ES,4.0,5.0,all inclusive,friends,1.0,539
540,4.388,5.0,3.0,UK,4.0,5.0,all inclusive,friends,1.0,540
542,2.798,5.0,5.0,ES,4.0,4.0,all inclusive,family,5.0,542
543,2.91,5.0,5.0,ES,4.0,5.0,all inclusive,couple,5.0,543
546,1.3840000000000001,2.0,2.0,ES,2.0,5.0,all inclusive,family,4.0,546
549,2.676,4.0,4.0,ES,3.0,5.0,all inclusive,couple,5.0,549
550,0.384,2.0,2.0,ES,2.0,5.0,all inclusive,friends,5.0,550
551,2.464,5.0,4.0,ES,4.0,5.0,all inclusive,business,5.0,551
552,4.41,5.0,5.0,UK,4.0,5.0,all inclusive,friends,4.0,552
553,1.3840000000000001,2.0,2.0,ES,2.0,5.0,all inclusive,friends,2.0,553
555,5.263999999999999,4.0,4.0,FR,4.0,5.0,all inclusive,family,5.0,555
556,2.91,5.0,5.0,ES,4.0,5.0,all inclusive,couple,2.0,556
557,2.101,3.0,3.0,ES,3.0,5.0,all inclusive,couple,2.0,557
558,4.676,4.0,4.0,UK,3.0,5.0,all inclusive,family,4.0,558
559,3.964,4.0,4.0,UK,4.0,5.0,all inclusive,family,4.0,559
560,2.195,3.0,3.0,ES,2.0,5.0,all inclusive,family,3.0,560
561,1.8880000000000001,3.0,3.0,ES,4.0,5.0,all inclusive,family,5.0,561
562,2.464,4.0,4.0,ES,4.0,5.0,all inclusive,family,5.0,562
563,4.9639999999999995,4.0,5.0,DE,4.0,5.0,all inclusive,friends,5.0,563
564,2.101,3.0,3.0,ES,3.0,5.0,all inclusive,family,5.0,564
565,2.464,4.0,4.0,ES,4.0,5.0,all inclusive,business,5.0,565
566,3.91,5.0,5.0,ES,4.0,5.0,all inclusive,business,5.0,566
568,5.41,5.0,5.0,UK,4.0,5.0,all inclusive,friends,1.0,568
569,4.101,3.0,3.0,UK,3.0,5.0,all inclusive,family,2.0,569
571,4.101,3.0,3.0,UK,3.0,5.0,all inclusive,couple,4.0,571
572,6.263999999999999,4.0,4.0,FR,4.0,5.0,all inclusive,family,5.0,572
573,2.91,5.0,5.0,ES,4.0,5.0,all inclusive,friends,3.0,573
575,5.122000000000001,5.0,5.0,UK,3.0,5.0,all inclusive,family,4.0,575
577,2.464,4.0,4.0,ES,4.0,5.0,all inclusive,family,2.0,577
578,5.41,5.0,5.0,UK,4.0,5.0,all inclusive,family,5.0,578
579,5.101,3.0,5.0,UK,3.0,5.0,all inclusive,family,5.0,579
580,1.464,4.0,4.0,ES,4.0,5.0,all inclusive,family,5.0,580
582,2.676,4.0,4.0,ES,3.0,5.0,all inclusive,friends,5.0,582
585,5.41,5.0,5.0,UK,4.0,5.0,all inclusive,family,5.0,585
587,4.9639999999999995,4.0,4.0,UK,4.0,5.0,all inclusive,family,5.0,587
588,4.101,3.0,3.0,US,3.0,5.0,all inclusive,family,5.0,588
590,0.29,2.0,2.0,ES,3.0,5.0,all inclusive,couple,5.0,590
591,1.91,5.0,5.0,ES,4.0,5.0,all inclusive,couple,5.0,591
592,3.122,5.0,5.0,ES,3.0,5.0,all inclusive,friends,2.0,592
593,5.41,5.0,5.0,UK,4.0,5.0,all inclusive,couple,5.0,593
594,4.41,5.0,5.0,UK,4.0,5.0,all inclusive,family,3.0,594
596,2.91,5.0,5.0,ES,4.0,5.0,all inclusive,couple,5.0,596
597,4.9639999999999995,4.0,4.0,DE,4.0,5.0,all inclusive,friends,5.0,597
598,5.122000000000001,5.0,5.0,UK,3.0,5.0,all inclusive,business,5.0,598
599,5.71,5.0,5.0,FR,4.0,5.0,all inclusive,business,2.0,599
601,2.91,5.0,5.0,ES,4.0,5.0,all inclusive,family,2.0,601
602,2.464,4.0,4.0,ES,4.0,5.0,all inclusive,couple,5.0,602
603,4.9639999999999995,4.0,4.0,UK,4.0,5.0,all inclusive,family,5.0,603
604,2.464,4.0,4.0,ES,4.0,5.0,all inclusive,business,5.0,604
605,4.41,5.0,5.0,UK,4.0,5.0,all inclusive,couple,5.0,605
606,2.122,5.0,5.0,ES,3.0,5.0,all inclusive,friends,5.0,606
608,4.9639999999999995,4.0,4.0,UK,4.0,5.0,all inclusive,friends,5.0,608
609,5.41,5.0,5.0,UK,4.0,5.0,all inclusive,family,4.0,609
610,2.101,3.0,3.0,ES,3.0,5.0,all inclusive,family,5.0,610
611,5.41,5.0,5.0,UK,4.0,5.0,all inclusive,friends,2.0,611
613,5.41,5.0,5.0,UK,4.0,5.0,all inclusive,friends,5.0,613
614,5.41,5.0,5.0,US,4.0,5.0,all inclusive,family,5.0,614
615,0.498,1.0,1.0,UK,2.0,5.0,all inclusive,family,5.0,615
617,4.9639999999999995,4.0,4.0,UK,4.0,5.0,all inclusive,business,3.0,617
618,2.464,4.0,4.0,ES,4.0,5.0,all inclusive,business,2.0,618
620,1.29,5.0,2.0,ES,3.0,5.0,all inclusive,family,5.0,620
621,5.41,5.0,5.0,UK,4.0,5.0,all inclusive,couple,5.0,621
623,5.632999999999999,5.0,5.0,UK,5.0,5.0,all inclusive,family,5.0,623
627,2.464,4.0,4.0,ES,4.0,5.0,all inclusive,business,4.0,627
628,2.798,5.0,5.0,ES,4.0,4.0,all inclusive,business,4.0,628
631,4.101,3.0,3.0,UK,3.0,5.0,all inclusive,business,5.0,631
632,1.4980000000000002,1.0,1.0,DE,2.0,5.0,all inclusive,friends,5.0,632
633,4.9639999999999995,5.0,4.0,DE,4.0,5.0,all inclusive,couple,5.0,633
636,4.401,3.0,3.0,FR,3.0,5.0,all inclusive,family,4.0,636
638,2.884,2.0,2.0,DE,2.0,5.0,all inclusive,business,5.0,638
639,1.8880000000000001,3.0,3.0,ES,4.0,5.0,all inclusive,friends,5.0,639
640,4.101,3.0,3.0,UK,3.0,5.0,all inclusive,business,4.0,640
642,5.41,5.0,5.0,US,4.0,5.0,all inclusive,family,5.0,642
644,4.852,4.0,4.0,DE,4.0,4.0,all inclusive,couple,5.0,644
645,6.41,5.0,5.0,UK,4.0,5.0,all inclusive,family,4.0,645
647,4.9639999999999995,4.0,5.0,UK,4.0,5.0,all inclusive,business,5.0,647
648,4.101,3.0,3.0,UK,3.0,5.0,all inclusive,family,4.0,648
649,2.91,5.0,5.0,ES,4.0,5.0,all inclusive,couple,5.0,649
650,2.91,5.0,5.0,ES,4.0,5.0,all inclusive,family,5.0,650
651,3.964,4.0,4.0,UK,4.0,5.0,all inclusive,couple,4.0,651
652,5.632999999999999,5.0,5.0,DE,5.0,5.0,all inclusive,friends,5.0,652
653,5.41,5.0,5.0,UK,4.0,5.0,all inclusive,friends,5.0,653
654,4.9639999999999995,4.0,4.0,UK,4.0,5.0,all inclusive,business,4.0,654
655,1.8840000000000001,2.0,2.0,US,2.0,5.0,all inclusive,business,1.0,655
656,4.388,3.0,3.0,UK,4.0,5.0,all inclusive,couple,5.0,656
657,1.3840000000000001,2.0,2.0,ES,2.0,5.0,all inclusive,friends,5.0,657
659,4.9639999999999995,4.0,4.0,US,4.0,5.0,all inclusive,business,3.0,659
660,6.41,5.0,5.0,UK,4.0,5.0,all inclusive,business,5.0,660
661,2.91,5.0,5.0,ES,4.0,5.0,all inclusive,family,5.0,661
662,4.401,3.0,3.0,FR,3.0,5.0,all inclusive,family,3.0,662
663,6.297999999999999,5.0,5.0,UK,4.0,4.0,all inclusive,family,5.0,663
664,2.464,4.0,4.0,ES,4.0,5.0,all inclusive,couple,5.0,664
665,1.464,4.0,4.0,ES,4.0,5.0,all inclusive,business,3.0,665
666,6.632999999999999,5.0,5.0,DE,5.0,5.0,all inclusive,couple,5.0,666
667,1.77,4.0,4.0,ES,2.0,5.0,all inclusive,business,5.0,667
668,2.101,3.0,3.0,ES,3.0,5.0,all inclusive,family,5.0,668
670,2.91,5.0,5.0,ES,4.0,5.0,all inclusive,couple,5.0,670
671,2.464,4.0,4.0,ES,4.0,5.0,all inclusive,friends,5.0,671
672,5.152,4.0,4.0,FR,4.0,4.0,all inclusive,couple,5.0,672
673,5.41,5.0,5.0,UK,4.0,5.0,all inclusive,friends,4.0,673
674,2.101,3.0,3.0,ES,3.0,5.0,all inclusive,family,5.0,674
675,5.263999999999999,5.0,4.0,FR,4.0,5.0,all inclusive,family,5.0,675
676,4.9639999999999995,4.0,5.0,UK,4.0,5.0,all inclusive,family,5.0,676
679,1.91,5.0,5.0,ES,4.0,5.0,all inclusive,couple,5.0,679
680,2.676,4.0,4.0,ES,3.0,5.0,all inclusive,friends,5.0,680
682,3.91,5.0,5.0,ES,4.0,5.0,all inclusive,family,5.0,682
683,2.884,2.0,2.0,UK,2.0,5.0,all inclusive,family,5.0,683
685,3.91,5.0,5.0,ES,4.0,5.0,all inclusive,couple,3.0,685
687,3.91,5.0,5.0,ES,4.0,5.0,all inclusive,couple,2.0,687
689,2.464,4.0,4.0,ES,4.0,5.0,all inclusive,couple,3.0,689
690,3.989,3.0,5.0,US,3.0,4.0,all inclusive,family,4.0,690
691,4.676,4.0,4.0,UK,3.0,5.0,all inclusive,family,5.0,691
692,5.41,5.0,5.0,US,4.0,5.0,all inclusive,family,5.0,692
693,2.464,4.0,4.0,ES,4.0,5.0,all inclusive,business,5.0,693
694,2.884,2.0,2.0,UK,2.0,5.0,all inclusive,family,5.0,694
695,-0.195,1.0,1.0,ES,1.0,5.0,all inclusive,family,2.0,695
696,4.101,3.0,3.0,US,3.0,5.0,all inclusive,couple,3.0,696
698,2.101,3.0,3.0,ES,3.0,5.0,all inclusive,family,2.0,698
702,2.464,4.0,4.0,ES,4.0,5.0,all inclusive,friends,4.0,702
703,2.464,4.0,4.0,ES,4.0,5.0,all inclusive,couple,3.0,703
704,-0.002,1.0,1.0,ES,2.0,5.0,all inclusive,family,5.0,704
706,4.41,5.0,5.0,UK,4.0,5.0,all inclusive,family,5.0,706
709,1.3840000000000001,2.0,2.0,ES,2.0,5.0,all inclusive,business,2.0,709
710,4.101,3.0,3.0,UK,3.0,5.0,all inclusive,business,5.0,710
711,4.101,3.0,5.0,US,3.0,5.0,all inclusive,family,5.0,711
712,2.91,5.0,5.0,ES,4.0,5.0,all inclusive,friends,5.0,712
713,4.9639999999999995,4.0,4.0,UK,4.0,5.0,all inclusive,family,5.0,713
714,4.388,3.0,3.0,UK,4.0,5.0,all inclusive,couple,4.0,714
715,2.101,3.0,3.0,ES,3.0,5.0,all inclusive,family,5.0,715
716,1.91,5.0,5.0,ES,4.0,5.0,all inclusive,friends,5.0,716
717,1.3840000000000001,2.0,2.0,ES,2.0,5.0,all inclusive,family,4.0,717
719,5.41,5.0,5.0,UK,4.0,5.0,all inclusive,family,1.0,719
720,1.77,4.0,4.0,ES,2.0,5.0,all inclusive,friends,5.0,720
721,5.41,5.0,5.0,UK,4.0,5.0,all inclusive,couple,4.0,721
723,2.77,4.0,4.0,ES,2.0,5.0,all inclusive,family,5.0,723
724,2.91,5.0,5.0,ES,4.0,5.0,all inclusive,couple,5.0,724
728,2.464,4.0,4.0,ES,4.0,5.0,all inclusive,family,4.0,728
729,4.9639999999999995,4.0,4.0,DE,4.0,5.0,all inclusive,family,3.0,729
730,4.9639999999999995,4.0,4.0,UK,4.0,5.0,all inclusive,friends,3.0,730
731,4.9639999999999995,4.0,4.0,UK,4.0,5.0,all inclusive,family,5.0,731
734,4.41,5.0,5.0,DE,4.0,5.0,all inclusive,friends,5.0,734
735,2.91,5.0,5.0,ES,4.0,5.0,all inclusive,family,4.0,735
736,4.9639999999999995,4.0,4.0,UK,4.0,5.0,all inclusive,couple,5.0,736
737,3.1010000000000004,3.0,3.0,ES,3.0,5.0,all inclusive,family,4.0,737
738,3.464,4.0,4.0,ES,4.0,5.0,all inclusive,couple,5.0,738
739,1.3840000000000001,2.0,2.0,ES,2.0,5.0,all inclusive,family,4.0,739
741,4.676,4.0,4.0,UK,3.0,5.0,all inclusive,family,5.0,741
745,2.464,4.0,4.0,ES,4.0,5.0,all inclusive,business,5.0,745
746,5.41,5.0,5.0,DE,4.0,5.0,all inclusive,business,5.0,746
747,2.464,4.0,4.0,ES,4.0,5.0,all inclusive,friends,4.0,747
750,5.41,5.0,5.0,UK,4.0,5.0,all inclusive,friends,1.0,750
751,2.464,4.0,4.0,ES,4.0,5.0,all inclusive,business,3.0,751
752,5.41,5.0,5.0,US,4.0,5.0,all inclusive,family,1.0,752
753,1.8880000000000001,3.0,3.0,ES,4.0,5.0,all inclusive,family,4.0,753
754,5.41,5.0,5.0,UK,4.0,5.0,all inclusive,couple,2.0,754
755,2.884,2.0,2.0,UK,2.0,5.0,all inclusive,couple,3.0,755
756,4.9639999999999995,4.0,4.0,DE,4.0,5.0,all inclusive,couple,3.0,756
757,2.101,3.0,5.0,ES,3.0,5.0,all inclusive,family,4.0,757
758,1.29,2.0,2.0,ES,3.0,5.0,all inclusive,couple,2.0,758
759,2.91,5.0,5.0,ES,4.0,5.0,all inclusive,family,5.0,759
760,2.464,4.0,4.0,ES,4.0,5.0,all inclusive,couple,3.0,760
761,2.464,4.0,4.0,ES,4.0,5.0,all inclusive,business,5.0,761
764,4.9639999999999995,4.0,4.0,UK,4.0,5.0,all inclusive,business,4.0,764
766,5.41,5.0,5.0,DE,4.0,5.0,all inclusive,friends,5.0,766
768,1.29,2.0,2.0,ES,3.0,5.0,all inclusive,family,3.0,768
769,6.41,5.0,5.0,UK,4.0,5.0,all inclusive,family,4.0,769
770,5.101,3.0,3.0,DE,3.0,5.0,all inclusive,business,3.0,770
771,2.91,5.0,5.0,ES,4.0,5.0,all inclusive,family,5.0,771
772,2.91,5.0,5.0,ES,4.0,5.0,all inclusive,family,3.0,772
774,2.91,5.0,5.0,ES,4.0,5.0,all inclusive,couple,2.0,774
775,4.676,4.0,4.0,UK,3.0,5.0,all inclusive,family,5.0,775
776,2.91,5.0,5.0,ES,4.0,5.0,all inclusive,couple,4.0,776
777,4.9639999999999995,4.0,4.0,DE,4.0,5.0,all inclusive,friends,4.0,777
778,4.9639999999999995,4.0,4.0,UK,4.0,5.0,all inclusive,family,4.0,778
779,4.9639999999999995,4.0,4.0,UK,4.0,5.0,all inclusive,business,4.0,779
780,4.676,4.0,4.0,UK,3.0,5.0,all inclusive,couple,5.0,780
781,2.91,5.0,5.0,ES,4.0,5.0,all inclusive,family,4.0,781
782,2.464,4.0,5.0,ES,4.0,5.0,all inclusive,family,5.0,782
783,5.41,5.0,5.0,UK,4.0,5.0,all inclusive,family,3.0,783
784,5.71,5.0,5.0,FR,4.0,5.0,all inclusive,business,5.0,784
785,5.101,3.0,3.0,UK,3.0,5.0,all inclusive,family,5.0,785
788,5.122000000000001,5.0,5.0,UK,3.0,5.0,all inclusive,family,5.0,788
789,2.464,4.0,4.0,ES,4.0,5.0,all inclusive,couple,3.0,789
790,5.41,5.0,5.0,DE,4.0,5.0,all inclusive,business,2.0,790
792,2.352,4.0,4.0,ES,4.0,4.0,all inclusive,family,5.0,792
793,5.122000000000001,5.0,5.0,UK,3.0,5.0,all inclusive,family,4.0,793
794,1.464,4.0,4.0,ES,4.0,5.0,all inclusive,couple,5.0,794
798,2.91,5.0,5.0,ES,4.0,5.0,all inclusive,family,5.0,798
800,4.9639999999999995,4.0,4.0,US,4.0,5.0,all inclusive,family,3.0,800
801,5.41,5.0,5.0,DE,4.0,5.0,all inclusive,family,3.0,801
804,1.903,1.0,1.0,UK,3.0,5.0,all inclusive,couple,5.0,804
805,6.41,5.0,5.0,UK,4.0,5.0,all inclusive,business,5.0,805
807,1.3840000000000001,2.0,2.0,ES,2.0,5.0,all inclusive,couple,5.0,807
809,2.91,5.0,5.0,ES,4.0,5.0,all inclusive,friends,5.0,809
811,5.41,5.0,5.0,UK,4.0,5.0,all inclusive,family,5.0,811
812,4.9639999999999995,4.0,4.0,UK,4.0,5.0,all inclusive,business,5.0,812
814,-0.002,1.0,1.0,ES,2.0,5.0,all inclusive,friends,4.0,814
815,5.41,5.0,5.0,UK,4.0,5.0,all inclusive,friends,2.0,815
816,6.41,5.0,5.0,DE,4.0,5.0,all inclusive,family,2.0,816
821,2.91,5.0,5.0,ES,4.0,5.0,all inclusive,family,3.0,821
822,5.41,5.0,5.0,DE,4.0,5.0,all inclusive,couple,5.0,822
824,5.41,5.0,5.0,US,4.0,5.0,all inclusive,couple,4.0,824
825,2.464,4.0,4.0,ES,4.0,5.0,all inclusive,family,3.0,825
827,5.41,5.0,5.0,US,4.0,5.0,all inclusive,friends,5.0,827
828,3.464,4.0,4.0,ES,4.0,5.0,all inclusive,couple,5.0,828
829,5.41,5.0,5.0,UK,4.0,5.0,all inclusive,family,5.0,829
831,5.011,5.0,5.0,UK,3.0,4.0,all inclusive,friends,5.0,831
834,1.077,2.0,2.0,ES,4.0,5.0,all inclusive,business,5.0,834
837,2.464,4.0,4.0,ES,4.0,5.0,all inclusive,family,4.0,837
838,-0.195,1.0,1.0,ES,1.0,5.0,all inclusive,couple,5.0,838
840,5.122000000000001,5.0,5.0,UK,3.0,5.0,all inclusive,family,1.0,840
842,6.41,5.0,5.0,UK,4.0,5.0,all inclusive,couple,5.0,842
844,2.464,4.0,5.0,ES,4.0,5.0,all inclusive,couple,4.0,844
845,4.9639999999999995,4.0,4.0,US,4.0,5.0,all inclusive,family,5.0,845
846,3.964,4.0,4.0,UK,4.0,5.0,all inclusive,family,1.0,846
847,1.101,3.0,3.0,ES,3.0,5.0,all inclusive,friends,5.0,847
848,5.41,5.0,5.0,DE,4.0,5.0,all inclusive,business,4.0,848
849,1.77,4.0,4.0,ES,2.0,5.0,all inclusive,couple,5.0,849
851,4.184,2.0,2.0,FR,2.0,5.0,all inclusive,business,2.0,851
852,5.41,5.0,5.0,UK,4.0,5.0,all inclusive,family,5.0,852
854,2.464,4.0,4.0,ES,4.0,5.0,all inclusive,couple,5.0,854
855,2.91,5.0,5.0,ES,4.0,5.0,all inclusive,couple,5.0,855
856,1.464,4.0,5.0,ES,4.0,5.0,all inclusive,couple,5.0,856
857,4.9639999999999995,4.0,4.0,UK,4.0,5.0,all inclusive,family,5.0,857
858,2.464,4.0,4.0,ES,4.0,5.0,all inclusive,couple,5.0,858
859,5.41,5.0,5.0,UK,4.0,5.0,all inclusive,couple,5.0,859
860,2.464,4.0,4.0,ES,4.0,5.0,all inclusive,business,5.0,860
861,2.464,4.0,4.0,ES,4.0,5.0,all inclusive,family,3.0,861
862,5.71,5.0,5.0,FR,4.0,5.0,all inclusive,family,5.0,862
864,2.91,5.0,5.0,ES,4.0,5.0,all inclusive,business,5.0,864
865,5.41,5.0,5.0,UK,4.0,5.0,all inclusive,business,5.0,865
866,3.91,5.0,5.0,ES,4.0,5.0,all inclusive,friends,5.0,866
867,4.101,3.0,3.0,UK,3.0,5.0,all inclusive,business,3.0,867
868,2.101,3.0,3.0,ES,3.0,5.0,all inclusive,friends,5.0,868
869,3.464,4.0,4.0,ES,4.0,5.0,all inclusive,couple,5.0,869
871,2.676,4.0,4.0,ES,3.0,5.0,all inclusive,friends,5.0,871
873,5.41,5.0,5.0,DE,4.0,5.0,all inclusive,family,5.0,873
874,-0.002,1.0,1.0,ES,2.0,5.0,all inclusive,family,5.0,874
876,2.884,2.0,2.0,US,2.0,5.0,all inclusive,business,2.0,876
881,4.9639999999999995,4.0,4.0,UK,4.0,5.0,all inclusive,friends,5.0,881
882,5.71,5.0,5.0,FR,4.0,5.0,all inclusive,business,5.0,882
883,2.464,4.0,4.0,ES,4.0,5.0,all inclusive,family,2.0,883
884,1.8880000000000001,3.0,3.0,ES,4.0,5.0,all inclusive,business,5.0,884
885,4.9639999999999995,4.0,4.0,US,4.0,5.0,all inclusive,friends,5.0,885
886,2.101,3.0,3.0,ES,3.0,5.0,all inclusive,business,5.0,886
887,2.91,5.0,5.0,ES,4.0,5.0,all inclusive,friends,5.0,887
888,4.101,3.0,3.0,US,3.0,5.0,all inclusive,family,5.0,888
889,5.41,5.0,5.0,UK,4.0,5.0,all inclusive,family,5.0,889
891,1.3840000000000001,2.0,2.0,ES,2.0,5.0,all inclusive,business,5.0,891
892,2.91,5.0,5.0,ES,4.0,5.0,all inclusive,friends,2.0,892
894,2.464,4.0,4.0,ES,4.0,5.0,all inclusive,family,3.0,894
895,2.884,2.0,2.0,UK,2.0,5.0,all inclusive,friends,3.0,895
896,5.41,5.0,5.0,US,4.0,5.0,all inclusive,family,3.0,896
897,5.101,3.0,3.0,DE,3.0,5.0,all inclusive,family,5.0,897
900,5.41,5.0,5.0,UK,4.0,5.0,all inclusive,friends,5.0,900
901,5.263999999999999,4.0,4.0,FR,4.0,5.0,all inclusive,friends,5.0,901
902,2.91,5.0,5.0,ES,4.0,5.0,all inclusive,friends,5.0,902
903,5.41,5.0,5.0,UK,4.0,5.0,all inclusive,family,5.0,903
904,5.41,5.0,5.0,DE,4.0,5.0,all inclusive,business,5.0,904
905,3.352,4.0,4.0,ES,4.0,4.0,all inclusive,business,3.0,905
906,2.91,5.0,5.0,ES,4.0,5.0,all inclusive,friends,3.0,906
907,2.464,4.0,4.0,ES,4.0,5.0,all inclusive,friends,2.0,907
908,3.676,4.0,4.0,UK,3.0,5.0,all inclusive,couple,4.0,908
910,2.798,5.0,5.0,ES,4.0,4.0,all inclusive,business,4.0,910
911,0.888,3.0,3.0,ES,4.0,5.0,all inclusive,friends,3.0,911
913,2.91,5.0,5.0,ES,4.0,5.0,all inclusive,family,5.0,913
914,2.464,4.0,4.0,ES,4.0,5.0,all inclusive,business,5.0,914
918,2.464,4.0,4.0,ES,4.0,5.0,all inclusive,business,2.0,918
920,4.9639999999999995,4.0,4.0,DE,4.0,5.0,all inclusive,family,5.0,920
921,2.91,5.0,5.0,ES,4.0,5.0,all inclusive,family,5.0,921
922,4.9639999999999995,4.0,4.0,UK,4.0,5.0,all inclusive,friends,5.0,922
923,4.9639999999999995,4.0,4.0,US,4.0,5.0,all inclusive,family,5.0,923
924,4.41,5.0,5.0,DE,4.0,5.0,all inclusive,couple,5.0,924
927,2.101,3.0,3.0,ES,3.0,5.0,all inclusive,couple,5.0,927
928,1.91,5.0,5.0,ES,4.0,5.0,all inclusive,family,3.0,928
930,2.195,3.0,3.0,ES,2.0,5.0,all inclusive,family,5.0,930
933,4.9639999999999995,4.0,4.0,UK,4.0,5.0,all inclusive,business,4.0,933
934,2.91,5.0,5.0,ES,4.0,5.0,all inclusive,couple,5.0,934
935,5.41,5.0,5.0,US,4.0,5.0,all inclusive,couple,5.0,935
936,2.101,3.0,3.0,ES,3.0,5.0,all inclusive,couple,5.0,936
937,5.9639999999999995,4.0,4.0,US,4.0,5.0,all inclusive,friends,4.0,937
938,2.464,4.0,4.0,ES,4.0,5.0,all inclusive,family,5.0,938
939,2.884,2.0,2.0,UK,2.0,5.0,all inclusive,family,4.0,939
940,2.464,4.0,4.0,ES,4.0,5.0,all inclusive,couple,3.0,940
941,2.91,5.0,5.0,ES,4.0,5.0,all inclusive,friends,4.0,941
942,3.964,4.0,4.0,UK,4.0,5.0,all inclusive,family,5.0,942
944,4.101,3.0,3.0,US,3.0,5.0,all inclusive,friends,4.0,944
949,3.695,3.0,3.0,DE,2.0,5.0,all inclusive,business,4.0,949
950,2.91,5.0,5.0,ES,4.0,5.0,all inclusive,family,4.0,950
952,4.995,3.0,3.0,FR,2.0,5.0,all inclusive,friends,5.0,952
953,4.9639999999999995,4.0,4.0,DE,4.0,5.0,all inclusive,family,5.0,953
954,5.41,5.0,5.0,UK,4.0,5.0,all inclusive,family,5.0,954
956,5.41,5.0,5.0,UK,4.0,5.0,all inclusive,family,4.0,956
957,1.3840000000000001,2.0,5.0,ES,2.0,5.0,all inclusive,couple,2.0,957
958,1.91,5.0,5.0,ES,4.0,5.0,all inclusive,business,5.0,958
959,2.91,5.0,5.0,ES,4.0,5.0,all inclusive,friends,5.0,959
960,2.464,4.0,4.0,ES,4.0,5.0,all inclusive,couple,5.0,960
962,3.1010000000000004,3.0,3.0,UK,3.0,5.0,all inclusive,business,1.0,962
966,5.41,5.0,5.0,UK,4.0,5.0,all inclusive,family,4.0,966
969,4.9639999999999995,4.0,4.0,DE,4.0,5.0,all inclusive,family,3.0,969
970,1.3840000000000001,2.0,2.0,ES,2.0,5.0,all inclusive,family,5.0,970
971,5.401,3.0,3.0,FR,3.0,5.0,all inclusive,family,5.0,971
972,5.41,5.0,5.0,US,4.0,5.0,all inclusive,family,5.0,972
974,2.91,5.0,5.0,ES,4.0,5.0,all inclusive,family,5.0,974
975,2.464,4.0,4.0,ES,4.0,5.0,all inclusive,friends,5.0,975
977,0.998,1.0,1.0,ES,2.0,5.0,all inclusive,friends,1.0,977
978,5.41,5.0,5.0,DE,4.0,5.0,all inclusive,couple,3.0,978
979,2.91,5.0,5.0,ES,4.0,5.0,all inclusive,family,1.0,979
980,4.9639999999999995,4.0,4.0,UK,4.0,5.0,all inclusive,couple,4.0,980
982,4.9639999999999995,4.0,4.0,US,4.0,5.0,all inclusive,friends,5.0,982
983,5.41,5.0,5.0,DE,4.0,5.0,all inclusive,couple,5.0,983
984,4.9639999999999995,4.0,4.0,UK,4.0,5.0,all inclusive,family,4.0,984
985,4.9639999999999995,4.0,4.0,UK,4.0,5.0,all inclusive,family,2.0,985
986,2.91,5.0,5.0,ES,4.0,5.0,all inclusive,business,5.0,986
987,2.884,2.0,5.0,US,2.0,5.0,all inclusive,couple,5.0,987
988,0.998,1.0,1.0,ES,2.0,5.0,all inclusive,couple,5.0,988
989,5.632999999999999,5.0,5.0,DE,5.0,5.0,all inclusive,family,5.0,989
990,5.41,5.0,5.0,US,4.0,5.0,all inclusive,family,5.0,990
991,2.464,4.0,4.0,ES,4.0,5.0,all inclusive,friends,5.0,991
992,6.71,5.0,5.0,FR,4.0,5.0,all inclusive,family,2.0,992
993,4.9639999999999995,4.0,4.0,UK,4.0,5.0,all inclusive,couple,5.0,993
994,4.101,3.0,3.0,DE,3.0,5.0,all inclusive,family,3.0,994
995,1.3840000000000001,2.0,2.0,ES,2.0,5.0,all inclusive,friends,5.0,995
996,-0.002,1.0,1.0,ES,2.0,5.0,all inclusive,couple,1.0,996
997,5.9639999999999995,4.0,4.0,UK,4.0,5.0,all inclusive,family,5.0,997
998,2.676,4.0,4.0,ES,3.0,5.0,all inclusive,couple,5.0,998
