overall_satisfaction,room_comfort_satisfaction,room_cleanness_satisfaction,nationality,reception_satisfaction,breakfast_satisfaction,regime,segment,entertainment_satisfaction
5.298,5.0,5.0,DE,4.0,4.0,all inclusive,,4.0
2.989,3.0,3.0,ES,3.0,4.0,all inclusive,friends,4.0
1.91,5.0,5.0,ES,4.0,5.0,all inclusive,,5.0
5.964,4.0,4.0,UK,4.0,5.0,all inclusive,family,
2.122,5.0,,ES,3.0,5.0,all inclusive,friends,3.0
5.41,5.0,,UK,4.0,5.0,all inclusive,business,
5.41,5.0,5.0,DE,4.0,5.0,all inclusive,family,
2.195,3.0,3.0,ES,2.0,5.0,,friends,4.0
2.91,5.0,5.0,ES,4.0,5.0,all inclusive,family,
3.695,3.0,3.0,DE,2.0,5.0,all inclusive,family,5.0
5.41,5.0,5.0,UK,4.0,5.0,,business,3.0
1.888,3.0,3.0,ES,4.0,5.0,all inclusive,friends,4.0
2.101,3.0,3.0,ES,3.0,5.0,all inclusive,family,1.0
1.91,5.0,5.0,ES,4.0,5.0,all inclusive,,
4.101,3.0,3.0,UK,3.0,5.0,all inclusive,friends,
2.464,4.0,4.0,ES,4.0,5.0,all inclusive,couple,5.0
3.464,4.0,4.0,ES,4.0,5.0,,,
1.464,4.0,,ES,4.0,5.0,,family,
5.41,5.0,5.0,UK,4.0,5.0,all inclusive,family,3.0
2.989,3.0,3.0,US,3.0,4.0,all inclusive,,5.0
5.41,5.0,5.0,UK,4.0,5.0,all inclusive,couple,4.0
2.384,2.0,2.0,ES,2.0,5.0,all inclusive,family,4.0
2.464,4.0,4.0,ES,4.0,5.0,all inclusive,business,2.0
4.388,3.0,3.0,UK,4.0,5.0,all inclusive,friends,5.0
3.964,4.0,4.0,UK,4.0,5.0,,couple,5.0
1.384,2.0,2.0,ES,2.0,5.0,all inclusive,,
5.71,5.0,5.0,FR,4.0,,all inclusive,,5.0
4.41,5.0,5.0,DE,4.0,5.0,all inclusive,friends,
2.464,4.0,4.0,ES,4.0,5.0,all inclusive,friends,1.0
1.384,2.0,2.0,ES,2.0,5.0,all inclusive,friends,2.0
2.91,5.0,5.0,ES,4.0,5.0,all inclusive,couple,5.0
5.41,5.0,5.0,DE,4.0,5.0,all inclusive,family,4.0
5.41,5.0,5.0,US,4.0,5.0,all inclusive,,5.0
3.633,5.0,5.0,ES,5.0,5.0,all inclusive,family,5.0
3.91,5.0,5.0,ES,4.0,5.0,all inclusive,family,4.0
2.884,2.0,2.0,UK,2.0,5.0,all inclusive,,4.0
2.91,5.0,5.0,ES,4.0,5.0,,family,2.0
2.91,5.0,5.0,ES,4.0,5.0,all inclusive,,3.0
2.91,5.0,5.0,ES,4.0,5.0,,family,
4.964,4.0,4.0,UK,4.0,5.0,all inclusive,business,3.0
1.273,2.0,2.0,ES,2.0,4.0,,friends,4.0
2.91,5.0,5.0,ES,4.0,5.0,all inclusive,,4.0
2.101,3.0,3.0,ES,3.0,5.0,all inclusive,couple,4.0
5.964,4.0,4.0,UK,4.0,5.0,all inclusive,couple,4.0
2.464,4.0,4.0,ES,4.0,5.0,all inclusive,,5.0
5.41,5.0,5.0,UK,4.0,5.0,all inclusive,family,3.0
2.91,5.0,5.0,ES,4.0,5.0,all inclusive,,5.0
5.41,5.0,5.0,UK,4.0,5.0,,business,
4.676,4.0,,UK,3.0,,all inclusive,,4.0
5.41,5.0,5.0,UK,4.0,5.0,all inclusive,business,1.0
2.91,5.0,5.0,ES,4.0,5.0,all inclusive,family,5.0
-0.002,1.0,1.0,ES,2.0,5.0,all inclusive,family,1.0
3.695,3.0,,UK,2.0,5.0,,business,5.0
5.101,3.0,3.0,UK,3.0,5.0,all inclusive,business,
3.184,2.0,2.0,FR,2.0,5.0,,,
2.91,5.0,5.0,ES,4.0,5.0,all inclusive,family,4.0
-0.002,1.0,1.0,ES,2.0,5.0,,,5.0
5.101,3.0,3.0,UK,3.0,5.0,all inclusive,family,4.0
0.998,1.0,1.0,ES,2.0,5.0,,family,5.0
1.077,2.0,2.0,ES,4.0,5.0,all inclusive,,1.0
4.964,4.0,4.0,DE,4.0,5.0,all inclusive,friends,2.0
5.41,5.0,5.0,DE,4.0,5.0,,,
2.91,5.0,5.0,ES,4.0,5.0,,,5.0
2.384,2.0,,ES,2.0,5.0,,,5.0
1.384,2.0,2.0,ES,2.0,5.0,all inclusive,family,4.0
2.91,5.0,5.0,ES,4.0,5.0,all inclusive,,5.0
4.101,3.0,3.0,UK,3.0,5.0,all inclusive,,5.0
4.101,3.0,3.0,UK,3.0,5.0,all inclusive,,5.0
2.101,3.0,3.0,ES,3.0,5.0,all inclusive,couple,3.0
-0.002,1.0,1.0,ES,2.0,5.0,,,3.0
2.884,2.0,,UK,2.0,5.0,all inclusive,family,5.0
3.91,5.0,5.0,ES,4.0,5.0,,family,3.0
4.41,5.0,5.0,DE,4.0,5.0,,family,5.0
3.695,3.0,,DE,2.0,5.0,all inclusive,couple,
2.91,5.0,5.0,ES,4.0,5.0,all inclusive,family,
2.91,5.0,5.0,ES,4.0,5.0,,family,5.0
2.464,4.0,4.0,ES,4.0,5.0,all inclusive,,5.0
5.122,5.0,5.0,UK,3.0,5.0,,couple,4.0
2.91,5.0,5.0,ES,4.0,5.0,all inclusive,couple,5.0
3.91,5.0,5.0,ES,4.0,5.0,,friends,
2.101,3.0,3.0,ES,3.0,5.0,all inclusive,friends,5.0
4.401,3.0,3.0,FR,3.0,5.0,all inclusive,business,4.0
4.964,4.0,4.0,UK,4.0,5.0,all inclusive,friends,
1.273,2.0,2.0,ES,2.0,4.0,,friends,
2.91,5.0,5.0,ES,4.0,5.0,all inclusive,family,5.0
2.91,5.0,5.0,ES,4.0,5.0,all inclusive,,5.0
2.91,5.0,5.0,ES,4.0,5.0,all inclusive,,4.0
2.91,5.0,5.0,ES,4.0,5.0,,family,3.0
5.41,5.0,5.0,UK,4.0,5.0,all inclusive,,5.0
4.964,4.0,4.0,UK,4.0,5.0,all inclusive,family,4.0
4.933,5.0,5.0,FR,5.0,5.0,all inclusive,family,4.0
4.27,4.0,4.0,UK,2.0,5.0,all inclusive,family,
1.384,2.0,2.0,ES,2.0,5.0,all inclusive,,
2.464,4.0,4.0,ES,4.0,5.0,all inclusive,,
5.41,5.0,5.0,UK,4.0,5.0,all inclusive,business,5.0
2.884,2.0,2.0,UK,2.0,5.0,all inclusive,business,1.0
2.91,5.0,5.0,ES,4.0,5.0,all inclusive,,5.0
1.384,2.0,2.0,ES,2.0,5.0,all inclusive,,5.0
2.884,2.0,2.0,UK,2.0,5.0,,friends,1.0
2.884,2.0,2.0,UK,2.0,5.0,,,5.0
5.264,4.0,4.0,FR,4.0,5.0,all inclusive,family,3.0
2.464,4.0,4.0,ES,4.0,5.0,all inclusive,friends,2.0
5.633,5.0,,UK,5.0,5.0,all inclusive,friends,4.0
4.101,3.0,3.0,UK,3.0,5.0,,couple,4.0
2.91,5.0,5.0,ES,4.0,5.0,all inclusive,family,4.0
2.91,5.0,5.0,ES,4.0,5.0,,,5.0
4.964,4.0,,UK,4.0,5.0,all inclusive,friends,3.0
2.91,5.0,5.0,ES,4.0,5.0,all inclusive,family,1.0
4.41,5.0,5.0,UK,4.0,5.0,,family,5.0
0.384,2.0,2.0,ES,2.0,5.0,,,2.0
4.964,4.0,4.0,DE,4.0,5.0,all inclusive,,4.0
2.91,5.0,5.0,ES,4.0,5.0,all inclusive,family,1.0
4.101,3.0,3.0,UK,3.0,,all inclusive,couple,4.0
4.976,4.0,4.0,FR,3.0,5.0,all inclusive,couple,4.0
4.964,4.0,4.0,UK,4.0,5.0,all inclusive,couple,5.0
0.29,2.0,2.0,ES,3.0,5.0,all inclusive,business,4.0
2.77,4.0,4.0,ES,2.0,5.0,,business,
5.41,5.0,5.0,UK,4.0,5.0,all inclusive,couple,1.0
4.41,5.0,5.0,DE,4.0,5.0,all inclusive,business,4.0
2.633,5.0,5.0,ES,5.0,5.0,,,
2.91,5.0,5.0,ES,4.0,5.0,all inclusive,business,5.0
5.41,5.0,5.0,DE,4.0,5.0,all inclusive,couple,3.0
3.77,4.0,4.0,ES,2.0,5.0,,couple,5.0
3.884,2.0,2.0,DE,2.0,5.0,,,
1.384,2.0,2.0,ES,2.0,,all inclusive,family,
-0.114,1.0,1.0,ES,2.0,4.0,all inclusive,family,
5.41,5.0,5.0,UK,4.0,5.0,all inclusive,,5.0
4.101,3.0,3.0,UK,3.0,5.0,all inclusive,family,1.0
3.195,3.0,3.0,ES,2.0,5.0,all inclusive,family,4.0
2.464,4.0,4.0,ES,4.0,5.0,all inclusive,couple,5.0
1.676,4.0,4.0,ES,3.0,5.0,all inclusive,,2.0
2.884,2.0,2.0,UK,2.0,5.0,all inclusive,business,5.0
5.41,,5.0,DE,4.0,5.0,all inclusive,family,
3.122,5.0,5.0,ES,3.0,5.0,all inclusive,,2.0
5.41,5.0,5.0,DE,4.0,5.0,all inclusive,,
2.884,2.0,,US,2.0,5.0,,couple,
2.464,4.0,4.0,ES,4.0,5.0,all inclusive,family,4.0
5.41,5.0,5.0,DE,4.0,5.0,all inclusive,,4.0
3.464,4.0,,ES,4.0,5.0,all inclusive,family,3.0
2.464,4.0,4.0,ES,4.0,5.0,all inclusive,,
2.464,4.0,4.0,ES,4.0,5.0,all inclusive,,
1.903,1.0,1.0,UK,3.0,5.0,all inclusive,,5.0
2.464,4.0,,ES,4.0,5.0,,,5.0
5.152,4.0,4.0,FR,4.0,4.0,all inclusive,,5.0
5.41,5.0,5.0,DE,,5.0,all inclusive,family,5.0
4.388,3.0,3.0,UK,4.0,5.0,all inclusive,,
5.101,3.0,3.0,UK,3.0,5.0,,family,
4.41,5.0,5.0,UK,4.0,5.0,,,2.0
2.91,5.0,5.0,ES,4.0,5.0,all inclusive,friends,5.0
5.264,4.0,4.0,FR,4.0,5.0,all inclusive,family,4.0
4.989,3.0,3.0,DE,3.0,4.0,all inclusive,couple,4.0
4.388,3.0,3.0,DE,4.0,5.0,all inclusive,family,3.0
4.964,4.0,4.0,DE,4.0,5.0,all inclusive,family,3.0
2.91,5.0,,ES,,5.0,all inclusive,business,
3.91,5.0,5.0,ES,4.0,5.0,all inclusive,family,3.0
5.71,5.0,5.0,FR,4.0,5.0,,family,4.0
5.152,4.0,4.0,FR,4.0,4.0,all inclusive,family,3.0
1.384,2.0,2.0,ES,2.0,5.0,all inclusive,family,5.0
4.41,5.0,5.0,UK,4.0,5.0,all inclusive,,5.0
1.989,3.0,3.0,ES,3.0,4.0,all inclusive,friends,5.0
2.195,3.0,3.0,ES,2.0,5.0,all inclusive,friends,5.0
2.91,5.0,5.0,ES,4.0,5.0,,business,
2.464,4.0,,ES,4.0,5.0,all inclusive,business,5.0
2.464,4.0,4.0,ES,4.0,5.0,all inclusive,family,
2.195,3.0,3.0,ES,2.0,5.0,all inclusive,family,4.0
3.995,3.0,,FR,2.0,5.0,all inclusive,family,3.0
5.122,5.0,5.0,UK,3.0,5.0,all inclusive,family,5.0
3.101,3.0,3.0,UK,3.0,5.0,,,1.0
4.122,5.0,5.0,UK,3.0,5.0,all inclusive,,5.0
1.91,5.0,5.0,ES,4.0,5.0,all inclusive,,3.0
4.964,4.0,4.0,UK,4.0,5.0,all inclusive,,4.0
4.676,4.0,4.0,UK,3.0,5.0,all inclusive,friends,
5.41,5.0,5.0,UK,4.0,5.0,all inclusive,,3.0
4.964,4.0,4.0,UK,4.0,5.0,all inclusive,business,5.0
3.91,5.0,5.0,ES,4.0,5.0,all inclusive,family,5.0
4.964,4.0,,UK,4.0,5.0,all inclusive,family,4.0
1.384,2.0,2.0,ES,2.0,5.0,all inclusive,family,3.0
1.888,3.0,3.0,ES,4.0,5.0,all inclusive,,5.0
1.91,5.0,5.0,ES,4.0,5.0,all inclusive,friends,5.0
4.71,5.0,5.0,FR,4.0,5.0,all inclusive,family,3.0
5.41,5.0,5.0,DE,4.0,5.0,all inclusive,business,
2.101,3.0,3.0,ES,3.0,5.0,all inclusive,couple,2.0
0.273,2.0,2.0,ES,2.0,,all inclusive,family,4.0
5.41,5.0,5.0,UK,4.0,5.0,all inclusive,family,3.0
2.91,5.0,5.0,ES,4.0,5.0,all inclusive,friends,4.0
5.41,5.0,5.0,UK,4.0,5.0,all inclusive,family,
4.184,2.0,2.0,FR,2.0,5.0,all inclusive,,3.0
1.888,3.0,3.0,ES,4.0,5.0,all inclusive,family,5.0
2.633,5.0,5.0,ES,5.0,5.0,all inclusive,,
4.964,4.0,4.0,DE,4.0,5.0,all inclusive,,5.0
5.41,5.0,5.0,DE,4.0,5.0,all inclusive,family,1.0
1.29,2.0,2.0,ES,3.0,5.0,all inclusive,,
2.676,4.0,4.0,ES,3.0,5.0,all inclusive,,2.0
6.633,5.0,5.0,DE,5.0,5.0,all inclusive,family,3.0
2.352,4.0,4.0,ES,4.0,4.0,all inclusive,friends,4.0
3.695,3.0,3.0,UK,2.0,5.0,all inclusive,,
3.91,5.0,5.0,ES,4.0,5.0,all inclusive,couple,5.0
0.886,1.0,1.0,ES,2.0,4.0,all inclusive,,3.0
2.91,5.0,5.0,ES,4.0,5.0,all inclusive,,
4.964,4.0,4.0,UK,4.0,5.0,all inclusive,family,4.0
5.964,4.0,4.0,UK,4.0,5.0,all inclusive,family,4.0
4.976,4.0,4.0,FR,3.0,5.0,all inclusive,,3.0
4.964,4.0,4.0,DE,4.0,5.0,all inclusive,family,
5.41,5.0,5.0,DE,4.0,5.0,all inclusive,friends,3.0
5.122,5.0,5.0,UK,3.0,5.0,,couple,
2.464,4.0,4.0,ES,4.0,5.0,all inclusive,business,
1.384,2.0,2.0,ES,2.0,,,,3.0
5.41,5.0,5.0,US,4.0,5.0,,couple,4.0
5.41,5.0,5.0,US,4.0,5.0,,,3.0
1.884,2.0,2.0,DE,2.0,5.0,all inclusive,business,4.0
4.41,5.0,5.0,UK,4.0,5.0,all inclusive,family,5.0
5.41,5.0,5.0,UK,4.0,5.0,,family,4.0
2.464,4.0,4.0,ES,4.0,5.0,all inclusive,family,
4.41,5.0,5.0,UK,4.0,5.0,all inclusive,,
2.633,5.0,5.0,ES,5.0,5.0,all inclusive,business,4.0
2.91,5.0,,ES,4.0,5.0,all inclusive,couple,4.0
1.464,4.0,4.0,ES,4.0,5.0,all inclusive,family,
2.498,1.0,1.0,UK,2.0,5.0,all inclusive,friends,
5.964,4.0,4.0,UK,4.0,5.0,all inclusive,family,5.0
5.41,5.0,5.0,UK,4.0,5.0,all inclusive,,5.0
6.41,5.0,5.0,UK,4.0,5.0,all inclusive,family,4.0
1.384,2.0,2.0,ES,2.0,5.0,all inclusive,friends,
4.964,4.0,4.0,UK,4.0,5.0,all inclusive,,5.0
5.964,4.0,4.0,UK,4.0,5.0,all inclusive,,
4.964,4.0,4.0,US,4.0,5.0,all inclusive,friends,2.0
1.384,2.0,2.0,ES,2.0,5.0,,,5.0
2.91,5.0,5.0,ES,4.0,5.0,all inclusive,couple,
3.464,4.0,4.0,ES,4.0,5.0,,couple,5.0
4.41,5.0,5.0,US,4.0,5.0,all inclusive,,4.0
2.077,2.0,2.0,ES,4.0,5.0,all inclusive,,2.0
3.91,5.0,5.0,ES,4.0,5.0,,,
4.964,4.0,4.0,UK,4.0,5.0,,family,
2.676,4.0,4.0,ES,3.0,5.0,,family,5.0
2.464,4.0,4.0,ES,4.0,5.0,all inclusive,,4.0
4.964,4.0,4.0,UK,4.0,5.0,all inclusive,family,3.0
4.101,3.0,3.0,UK,3.0,5.0,all inclusive,business,2.0
4.964,4.0,4.0,DE,4.0,5.0,all inclusive,,4.0
2.195,3.0,3.0,ES,2.0,5.0,all inclusive,family,4.0
2.464,4.0,4.0,ES,4.0,5.0,all inclusive,,
2.91,5.0,5.0,ES,4.0,5.0,all inclusive,family,5.0
2.91,5.0,5.0,ES,4.0,5.0,all inclusive,family,2.0
2.798,5.0,5.0,ES,4.0,4.0,all inclusive,family,
2.888,3.0,3.0,ES,4.0,5.0,all inclusive,family,1.0
5.41,5.0,5.0,UK,4.0,5.0,,,1.0
4.964,4.0,4.0,UK,4.0,5.0,all inclusive,family,5.0
5.41,5.0,5.0,US,4.0,5.0,all inclusive,business,
3.122,5.0,5.0,ES,3.0,5.0,all inclusive,,
2.464,4.0,4.0,ES,4.0,5.0,all inclusive,family,5.0
5.41,5.0,5.0,UK,4.0,5.0,all inclusive,family,
2.464,4.0,4.0,ES,4.0,5.0,all inclusive,,
2.91,5.0,5.0,ES,4.0,5.0,all inclusive,couple,4.0
5.298,5.0,5.0,UK,4.0,4.0,all inclusive,family,4.0
1.29,2.0,2.0,ES,3.0,5.0,,family,5.0
1.498,1.0,1.0,DE,2.0,5.0,all inclusive,business,4.0
4.964,4.0,4.0,UK,4.0,5.0,all inclusive,,5.0
5.71,5.0,5.0,FR,4.0,5.0,all inclusive,,5.0
5.122,5.0,5.0,UK,3.0,5.0,all inclusive,friends,3.0
4.964,4.0,4.0,US,4.0,5.0,all inclusive,family,5.0
2.464,4.0,4.0,ES,4.0,5.0,all inclusive,family,
2.464,4.0,4.0,ES,4.0,5.0,,business,5.0
2.633,5.0,5.0,ES,5.0,5.0,all inclusive,family,4.0
2.464,4.0,4.0,ES,4.0,5.0,all inclusive,,5.0
3.184,2.0,2.0,FR,2.0,5.0,all inclusive,,
4.964,4.0,4.0,UK,4.0,5.0,,couple,
1.498,1.0,1.0,UK,2.0,5.0,all inclusive,business,4.0
2.101,3.0,3.0,ES,3.0,5.0,,couple,4.0
1.384,2.0,2.0,ES,2.0,5.0,all inclusive,couple,4.0
4.41,5.0,5.0,UK,4.0,5.0,all inclusive,family,
2.884,2.0,2.0,DE,2.0,5.0,all inclusive,family,4.0
1.464,4.0,4.0,ES,4.0,5.0,all inclusive,friends,
1.29,2.0,2.0,ES,3.0,5.0,all inclusive,friends,5.0
4.964,4.0,4.0,UK,,5.0,all inclusive,friends,5.0
4.964,4.0,4.0,UK,4.0,5.0,,,5.0
1.91,5.0,5.0,ES,4.0,5.0,all inclusive,,5.0
4.676,4.0,4.0,UK,3.0,5.0,all inclusive,friends,4.0
1.91,5.0,5.0,ES,4.0,5.0,all inclusive,friends,1.0
2.884,2.0,2.0,US,2.0,5.0,all inclusive,family,
5.71,5.0,5.0,FR,4.0,5.0,,family,3.0
5.41,5.0,5.0,UK,4.0,5.0,all inclusive,couple,
2.352,4.0,4.0,ES,4.0,4.0,all inclusive,friends,4.0
4.388,3.0,,UK,4.0,5.0,all inclusive,,4.0
2.91,5.0,5.0,ES,4.0,5.0,all inclusive,family,5.0
3.101,3.0,3.0,UK,3.0,5.0,all inclusive,,
2.101,3.0,3.0,ES,3.0,5.0,all inclusive,,3.0
4.964,4.0,4.0,UK,4.0,5.0,all inclusive,family,3.0
6.41,5.0,5.0,UK,4.0,5.0,all inclusive,,
3.388,3.0,3.0,UK,4.0,5.0,all inclusive,business,3.0
3.073,2.0,2.0,FR,2.0,4.0,all inclusive,family,3.0
1.888,3.0,3.0,ES,4.0,5.0,all inclusive,family,5.0
2.464,4.0,4.0,ES,4.0,5.0,all inclusive,couple,
3.464,4.0,4.0,ES,4.0,5.0,all inclusive,,4.0
4.101,3.0,3.0,DE,3.0,5.0,all inclusive,business,4.0
6.41,5.0,5.0,UK,4.0,5.0,all inclusive,couple,5.0
4.964,4.0,4.0,UK,4.0,5.0,all inclusive,family,
4.122,5.0,5.0,UK,3.0,5.0,all inclusive,couple,4.0
2.91,5.0,5.0,ES,4.0,5.0,all inclusive,,
2.91,5.0,5.0,ES,4.0,5.0,all inclusive,business,
-0.002,1.0,,ES,2.0,5.0,all inclusive,business,5.0
2.91,5.0,5.0,ES,4.0,5.0,all inclusive,family,
2.884,2.0,2.0,UK,2.0,5.0,,family,5.0
1.464,4.0,4.0,ES,4.0,5.0,all inclusive,,
4.388,3.0,3.0,UK,4.0,5.0,all inclusive,family,3.0
5.41,5.0,5.0,UK,4.0,5.0,all inclusive,business,2.0
-0.002,1.0,1.0,ES,2.0,5.0,all inclusive,,4.0
2.101,3.0,,ES,3.0,5.0,all inclusive,business,
2.884,2.0,2.0,UK,2.0,5.0,all inclusive,family,4.0
1.29,2.0,2.0,ES,3.0,5.0,all inclusive,,
3.184,2.0,,FR,2.0,5.0,all inclusive,,3.0
1.888,3.0,3.0,ES,4.0,5.0,all inclusive,business,
2.633,5.0,5.0,ES,5.0,5.0,all inclusive,,5.0
5.264,4.0,4.0,FR,4.0,5.0,all inclusive,,3.0
3.91,5.0,5.0,ES,4.0,5.0,all inclusive,business,
4.964,4.0,4.0,UK,4.0,5.0,,,5.0
2.101,3.0,3.0,ES,3.0,5.0,all inclusive,family,
2.101,3.0,3.0,ES,3.0,5.0,all inclusive,friends,
-0.002,1.0,1.0,ES,2.0,5.0,all inclusive,,
4.101,3.0,3.0,DE,3.0,5.0,,,
2.91,5.0,5.0,ES,4.0,5.0,all inclusive,,5.0
3.29,2.0,2.0,UK,3.0,5.0,all inclusive,,
5.41,5.0,5.0,UK,4.0,5.0,all inclusive,family,
5.41,5.0,5.0,UK,4.0,5.0,all inclusive,couple,5.0
2.91,5.0,5.0,ES,4.0,5.0,all inclusive,business,
4.964,4.0,4.0,US,4.0,5.0,all inclusive,friends,
4.676,4.0,4.0,UK,3.0,5.0,all inclusive,business,
3.464,,4.0,ES,4.0,5.0,all inclusive,friends,
2.77,4.0,4.0,ES,2.0,5.0,all inclusive,,
3.101,3.0,3.0,UK,3.0,5.0,all inclusive,family,
2.91,5.0,5.0,ES,4.0,5.0,,family,5.0
5.41,5.0,5.0,UK,4.0,5.0,,,5.0
5.71,5.0,5.0,FR,4.0,5.0,all inclusive,couple,5.0
2.91,5.0,5.0,ES,4.0,5.0,all inclusive,couple,4.0
2.91,5.0,5.0,ES,4.0,5.0,,family,4.0
1.91,5.0,,ES,4.0,5.0,all inclusive,couple,
2.464,4.0,4.0,ES,4.0,5.0,all inclusive,family,
2.91,5.0,5.0,ES,4.0,5.0,all inclusive,,5.0
2.464,4.0,4.0,ES,4.0,5.0,all inclusive,friends,
1.498,1.0,1.0,UK,2.0,5.0,all inclusive,,4.0
3.77,4.0,4.0,ES,2.0,5.0,all inclusive,family,
5.101,3.0,3.0,DE,3.0,5.0,all inclusive,,3.0
4.964,4.0,4.0,UK,4.0,5.0,all inclusive,family,4.0
2.91,5.0,5.0,ES,4.0,5.0,all inclusive,couple,5.0
2.464,4.0,4.0,ES,4.0,5.0,all inclusive,couple,5.0
4.277,3.0,3.0,US,,4.0,,couple,3.0
4.964,4.0,4.0,UK,4.0,5.0,all inclusive,,3.0
1.888,3.0,3.0,ES,4.0,5.0,,business,
3.695,3.0,3.0,UK,2.0,5.0,all inclusive,,3.0
1.903,1.0,1.0,US,3.0,5.0,,business,3.0
4.676,4.0,4.0,DE,3.0,5.0,all inclusive,family,2.0
5.41,5.0,5.0,US,4.0,5.0,all inclusive,,
2.884,2.0,2.0,UK,2.0,5.0,all inclusive,family,2.0
2.101,3.0,3.0,ES,3.0,5.0,all inclusive,couple,4.0
4.964,4.0,4.0,US,4.0,5.0,all inclusive,family,
2.884,2.0,2.0,UK,2.0,5.0,all inclusive,couple,3.0
5.633,5.0,5.0,US,5.0,5.0,all inclusive,business,5.0
5.71,5.0,5.0,FR,4.0,5.0,all inclusive,couple,3.0
2.464,4.0,4.0,ES,4.0,5.0,all inclusive,family,
2.464,4.0,4.0,ES,4.0,5.0,all inclusive,family,4.0
2.91,5.0,5.0,ES,4.0,5.0,all inclusive,business,
3.464,4.0,4.0,ES,4.0,5.0,all inclusive,family,
1.29,2.0,2.0,ES,3.0,5.0,all inclusive,,5.0
4.101,3.0,,UK,3.0,5.0,all inclusive,,
5.41,5.0,5.0,UK,4.0,5.0,all inclusive,family,
2.91,5.0,5.0,ES,4.0,5.0,all inclusive,,5.0
6.41,5.0,5.0,UK,4.0,5.0,all inclusive,,5.0
-0.002,1.0,1.0,ES,2.0,5.0,all inclusive,family,3.0
4.101,,3.0,DE,3.0,5.0,all inclusive,family,
4.101,3.0,3.0,UK,,5.0,all inclusive,family,5.0
1.29,2.0,2.0,ES,3.0,5.0,all inclusive,business,
4.964,4.0,4.0,UK,4.0,5.0,all inclusive,,
5.41,5.0,5.0,US,4.0,5.0,,,4.0
4.964,4.0,4.0,UK,4.0,5.0,all inclusive,,4.0
3.964,4.0,4.0,UK,4.0,5.0,all inclusive,,1.0
1.273,2.0,2.0,ES,2.0,4.0,all inclusive,couple,4.0
5.964,4.0,4.0,DE,4.0,5.0,,friends,
2.91,5.0,5.0,ES,4.0,5.0,,family,5.0
1.888,3.0,3.0,ES,4.0,5.0,all inclusive,,2.0
3.964,4.0,4.0,UK,4.0,5.0,all inclusive,couple,5.0
4.388,3.0,3.0,UK,4.0,5.0,,,
1.101,3.0,3.0,ES,3.0,5.0,all inclusive,friends,3.0
0.805,1.0,1.0,UK,1.0,5.0,all inclusive,friends,4.0
4.41,5.0,5.0,UK,4.0,5.0,all inclusive,business,5.0
2.101,3.0,3.0,ES,3.0,5.0,all inclusive,family,1.0
3.101,3.0,3.0,ES,3.0,5.0,all inclusive,family,4.0
2.464,4.0,4.0,ES,4.0,5.0,,couple,3.0
4.101,3.0,,UK,3.0,5.0,all inclusive,,3.0
2.384,2.0,2.0,ES,2.0,5.0,all inclusive,family,4.0
1.498,1.0,1.0,UK,2.0,5.0,all inclusive,friends,
5.41,5.0,5.0,DE,4.0,5.0,all inclusive,business,
5.122,5.0,5.0,UK,3.0,5.0,all inclusive,couple,
4.101,3.0,3.0,DE,3.0,5.0,all inclusive,,1.0
4.964,4.0,4.0,UK,4.0,5.0,,,2.0
5.41,5.0,5.0,UK,4.0,5.0,all inclusive,family,2.0
5.41,5.0,5.0,DE,4.0,5.0,all inclusive,friends,
2.91,5.0,5.0,ES,4.0,5.0,,friends,4.0
5.101,3.0,3.0,UK,3.0,5.0,all inclusive,couple,5.0
5.633,5.0,5.0,US,5.0,5.0,all inclusive,business,
2.91,5.0,5.0,ES,4.0,5.0,,family,4.0
2.464,4.0,4.0,ES,4.0,5.0,all inclusive,,4.0
2.464,4.0,4.0,ES,4.0,5.0,all inclusive,family,3.0
4.101,3.0,3.0,UK,3.0,5.0,all inclusive,,
2.91,5.0,5.0,ES,4.0,5.0,,,1.0
3.695,3.0,3.0,UK,2.0,5.0,all inclusive,family,
3.91,5.0,5.0,ES,4.0,5.0,all inclusive,family,4.0
3.91,5.0,5.0,ES,4.0,5.0,all inclusive,family,1.0
1.464,4.0,4.0,ES,4.0,5.0,all inclusive,couple,5.0
1.798,5.0,5.0,ES,4.0,4.0,all inclusive,business,1.0
6.41,5.0,5.0,UK,4.0,5.0,all inclusive,,
1.29,2.0,2.0,ES,3.0,5.0,all inclusive,,
2.676,4.0,4.0,ES,3.0,5.0,,couple,5.0
3.464,4.0,4.0,ES,4.0,5.0,all inclusive,friends,5.0
2.91,5.0,5.0,ES,4.0,5.0,all inclusive,couple,3.0
0.888,3.0,3.0,ES,4.0,5.0,all inclusive,business,5.0
4.964,4.0,4.0,UK,4.0,5.0,all inclusive,couple,5.0
3.101,3.0,3.0,ES,3.0,5.0,all inclusive,family,
3.91,5.0,5.0,ES,4.0,5.0,all inclusive,,5.0
4.964,4.0,4.0,UK,4.0,5.0,all inclusive,,
-0.002,1.0,1.0,ES,2.0,5.0,,friends,1.0
5.633,5.0,5.0,UK,5.0,5.0,all inclusive,business,
1.384,2.0,2.0,ES,2.0,5.0,all inclusive,family,
2.464,4.0,4.0,ES,4.0,5.0,all inclusive,,5.0
2.464,4.0,4.0,ES,4.0,5.0,all inclusive,business,5.0
4.964,4.0,4.0,DE,4.0,5.0,all inclusive,business,4.0
5.41,5.0,5.0,UK,4.0,5.0,all inclusive,family,4.0
2.91,5.0,5.0,ES,4.0,5.0,all inclusive,family,2.0
4.976,4.0,4.0,FR,3.0,5.0,,couple,4.0
2.888,3.0,3.0,ES,4.0,5.0,all inclusive,family,4.0
2.464,4.0,4.0,ES,4.0,5.0,all inclusive,,
5.41,5.0,5.0,DE,4.0,5.0,all inclusive,couple,
5.41,5.0,5.0,UK,4.0,5.0,all inclusive,friends,
2.884,2.0,2.0,DE,2.0,5.0,all inclusive,,
5.41,5.0,5.0,DE,4.0,5.0,all inclusive,,4.0
4.964,4.0,4.0,UK,4.0,5.0,all inclusive,friends,5.0
4.964,4.0,4.0,UK,4.0,5.0,all inclusive,,5.0
2.91,5.0,5.0,ES,4.0,5.0,all inclusive,friends,
5.41,5.0,5.0,UK,4.0,5.0,,business,4.0
4.388,3.0,3.0,UK,4.0,5.0,all inclusive,family,
4.101,3.0,3.0,US,3.0,5.0,,family,2.0
1.884,2.0,,UK,2.0,5.0,,family,
2.464,4.0,4.0,ES,4.0,5.0,all inclusive,friends,
2.464,4.0,4.0,ES,4.0,5.0,all inclusive,family,5.0
2.91,5.0,5.0,ES,4.0,,,couple,
2.464,4.0,4.0,ES,4.0,5.0,all inclusive,business,5.0
2.91,5.0,5.0,ES,,5.0,all inclusive,friends,5.0
2.91,5.0,5.0,ES,4.0,5.0,all inclusive,couple,
5.41,5.0,5.0,DE,4.0,5.0,,friends,4.0
5.41,5.0,5.0,UK,4.0,5.0,,,5.0
3.77,4.0,4.0,ES,2.0,5.0,all inclusive,,
2.676,4.0,4.0,ES,3.0,5.0,all inclusive,,5.0
5.71,5.0,5.0,FR,4.0,5.0,all inclusive,couple,5.0
4.41,5.0,5.0,UK,4.0,5.0,all inclusive,,4.0
2.884,2.0,2.0,DE,2.0,5.0,,family,5.0
3.29,2.0,2.0,UK,3.0,5.0,all inclusive,friends,5.0
2.884,2.0,2.0,UK,2.0,5.0,,family,4.0
5.41,5.0,5.0,UK,4.0,5.0,all inclusive,couple,
2.884,2.0,2.0,DE,2.0,5.0,all inclusive,,2.0
4.298,5.0,5.0,US,4.0,4.0,all inclusive,family,2.0
2.101,3.0,3.0,ES,3.0,5.0,,family,5.0
4.964,4.0,4.0,DE,4.0,5.0,all inclusive,,2.0
2.464,4.0,,ES,4.0,5.0,all inclusive,family,4.0
4.388,3.0,3.0,DE,4.0,,all inclusive,family,
-0.002,1.0,1.0,ES,2.0,5.0,all inclusive,couple,3.0
4.676,4.0,4.0,DE,3.0,5.0,all inclusive,,5.0
1.384,2.0,2.0,ES,2.0,5.0,,,4.0
5.101,3.0,3.0,DE,3.0,5.0,,family,2.0
5.41,5.0,5.0,DE,4.0,5.0,,couple,
4.964,4.0,4.0,DE,4.0,5.0,all inclusive,family,4.0
1.91,5.0,5.0,ES,4.0,5.0,all inclusive,friends,2.0
1.101,3.0,3.0,ES,3.0,5.0,,business,4.0
6.71,5.0,5.0,FR,4.0,5.0,all inclusive,couple,4.0
5.41,5.0,,UK,4.0,5.0,all inclusive,couple,
5.41,5.0,5.0,UK,4.0,5.0,all inclusive,,3.0
2.464,4.0,4.0,ES,4.0,5.0,all inclusive,business,2.0
2.464,4.0,4.0,ES,4.0,5.0,all inclusive,family,
4.964,4.0,4.0,US,4.0,5.0,all inclusive,family,2.0
3.695,3.0,3.0,UK,2.0,5.0,all inclusive,family,5.0
2.91,5.0,5.0,ES,4.0,5.0,all inclusive,business,5.0
5.41,5.0,5.0,DE,4.0,5.0,all inclusive,couple,
4.964,4.0,4.0,US,4.0,5.0,all inclusive,friends,5.0
3.101,3.0,3.0,UK,3.0,5.0,all inclusive,,5.0
2.464,4.0,4.0,ES,4.0,5.0,,business,2.0
2.464,4.0,4.0,ES,4.0,5.0,all inclusive,family,
5.964,4.0,4.0,UK,4.0,5.0,all inclusive,,4.0
5.41,5.0,5.0,UK,4.0,5.0,all inclusive,friends,
1.498,1.0,1.0,UK,2.0,5.0,all inclusive,couple,5.0
2.91,5.0,5.0,ES,4.0,5.0,all inclusive,family,3.0
4.964,4.0,4.0,UK,4.0,5.0,all inclusive,friends,
4.101,3.0,3.0,UK,3.0,5.0,all inclusive,,2.0
1.384,2.0,2.0,ES,2.0,5.0,all inclusive,,4.0
2.464,4.0,4.0,ES,4.0,5.0,all inclusive,family,4.0
2.91,5.0,5.0,ES,4.0,5.0,all inclusive,,4.0
-0.002,1.0,1.0,ES,2.0,5.0,,business,
3.464,4.0,4.0,ES,4.0,5.0,all inclusive,family,3.0
2.91,5.0,5.0,ES,4.0,5.0,all inclusive,couple,1.0
2.884,2.0,2.0,US,2.0,5.0,all inclusive,business,4.0
5.71,5.0,5.0,FR,4.0,,all inclusive,friends,4.0
2.101,3.0,3.0,ES,3.0,5.0,all inclusive,,4.0
3.695,3.0,3.0,UK,2.0,5.0,all inclusive,couple,
2.91,5.0,5.0,ES,4.0,5.0,all inclusive,family,5.0
4.101,3.0,3.0,DE,3.0,5.0,all inclusive,,1.0
2.101,3.0,3.0,ES,3.0,5.0,all inclusive,,4.0
2.91,5.0,5.0,ES,4.0,5.0,all inclusive,business,4.0
2.91,5.0,5.0,ES,4.0,5.0,all inclusive,couple,
1.352,4.0,4.0,ES,4.0,4.0,all inclusive,couple,
5.41,5.0,5.0,DE,4.0,5.0,all inclusive,family,4.0
5.852,4.0,4.0,DE,4.0,4.0,all inclusive,,5.0
1.384,2.0,2.0,ES,2.0,5.0,,business,5.0
4.41,5.0,5.0,UK,4.0,5.0,all inclusive,family,4.0
5.298,5.0,5.0,DE,4.0,4.0,all inclusive,family,2.0
5.964,4.0,4.0,US,4.0,5.0,all inclusive,family,5.0
1.888,3.0,3.0,ES,4.0,5.0,all inclusive,,
-0.002,1.0,1.0,ES,2.0,5.0,all inclusive,family,5.0
-0.002,1.0,1.0,ES,2.0,5.0,all inclusive,friends,
2.91,5.0,,ES,4.0,,all inclusive,business,5.0
2.101,3.0,3.0,ES,3.0,5.0,,,5.0
3.91,5.0,5.0,ES,4.0,5.0,all inclusive,family,4.0
4.676,4.0,4.0,UK,3.0,5.0,all inclusive,,5.0
4.964,4.0,4.0,UK,4.0,5.0,,,
1.384,2.0,2.0,ES,2.0,5.0,all inclusive,business,
5.633,5.0,5.0,UK,5.0,5.0,all inclusive,business,5.0
2.101,3.0,3.0,ES,3.0,5.0,all inclusive,family,4.0
1.498,1.0,1.0,US,2.0,5.0,all inclusive,,1.0
2.464,4.0,4.0,ES,4.0,5.0,,,3.0
1.498,1.0,1.0,UK,2.0,5.0,all inclusive,friends,3.0
2.464,4.0,4.0,ES,4.0,5.0,,,
1.384,2.0,2.0,ES,2.0,5.0,all inclusive,,
4.852,4.0,4.0,UK,4.0,4.0,all inclusive,family,3.0
4.41,5.0,5.0,UK,4.0,5.0,all inclusive,friends,5.0
2.464,4.0,4.0,ES,4.0,5.0,all inclusive,family,
1.888,3.0,3.0,ES,4.0,5.0,all inclusive,couple,4.0
5.41,5.0,5.0,UK,4.0,5.0,,,4.0
2.464,4.0,4.0,ES,4.0,5.0,all inclusive,,5.0
5.298,5.0,5.0,UK,4.0,4.0,,,3.0
3.964,4.0,4.0,UK,4.0,5.0,all inclusive,family,
3.91,5.0,5.0,ES,4.0,5.0,all inclusive,couple,5.0
5.41,5.0,5.0,DE,4.0,5.0,all inclusive,couple,1.0
2.91,5.0,5.0,ES,4.0,5.0,,family,5.0
3.101,3.0,3.0,DE,3.0,5.0,all inclusive,,
5.41,5.0,5.0,UK,4.0,5.0,all inclusive,,4.0
4.401,3.0,3.0,FR,3.0,5.0,,family,5.0
2.91,5.0,5.0,ES,4.0,5.0,all inclusive,friends,1.0
4.388,,3.0,UK,4.0,5.0,all inclusive,friends,1.0
5.521,5.0,5.0,UK,5.0,4.0,all inclusive,,2.0
2.798,5.0,5.0,ES,4.0,4.0,all inclusive,family,5.0
2.91,5.0,5.0,ES,4.0,5.0,all inclusive,couple,
4.41,5.0,5.0,UK,4.0,5.0,all inclusive,,4.0
2.464,4.0,,ES,4.0,5.0,all inclusive,,5.0
1.384,2.0,2.0,ES,2.0,5.0,all inclusive,family,4.0
3.27,4.0,4.0,UK,2.0,5.0,all inclusive,,
4.41,5.0,5.0,US,4.0,5.0,all inclusive,,5.0
2.676,4.0,4.0,ES,3.0,5.0,all inclusive,couple,
0.384,2.0,2.0,ES,2.0,5.0,,friends,
2.464,,4.0,ES,4.0,5.0,,business,5.0
4.41,5.0,5.0,UK,4.0,5.0,all inclusive,friends,4.0
1.384,2.0,2.0,ES,2.0,5.0,,friends,2.0
1.888,3.0,3.0,ES,4.0,5.0,all inclusive,,5.0
5.264,4.0,4.0,FR,4.0,5.0,all inclusive,family,5.0
2.91,5.0,5.0,ES,4.0,5.0,,couple,2.0
2.101,3.0,3.0,ES,3.0,5.0,all inclusive,couple,2.0
4.676,4.0,4.0,UK,3.0,5.0,all inclusive,family,4.0
3.964,4.0,4.0,UK,4.0,5.0,all inclusive,family,4.0
2.195,3.0,3.0,ES,2.0,5.0,,family,3.0
1.888,3.0,3.0,ES,4.0,5.0,,family,5.0
2.464,4.0,4.0,ES,4.0,5.0,all inclusive,family,
4.964,4.0,,DE,4.0,5.0,all inclusive,friends,5.0
2.101,3.0,3.0,ES,3.0,5.0,all inclusive,family,
2.464,4.0,4.0,ES,4.0,5.0,all inclusive,business,5.0
3.91,5.0,5.0,ES,4.0,5.0,,business,5.0
1.101,3.0,3.0,ES,3.0,5.0,all inclusive,,2.0
5.41,5.0,5.0,UK,4.0,5.0,,friends,1.0
4.101,3.0,3.0,UK,3.0,5.0,,family,2.0
5.41,5.0,5.0,US,4.0,5.0,all inclusive,,5.0
4.101,3.0,3.0,UK,3.0,5.0,all inclusive,couple,4.0
6.264,4.0,4.0,FR,4.0,5.0,all inclusive,family,5.0
2.91,5.0,5.0,ES,4.0,5.0,all inclusive,friends,3.0
6.41,5.0,5.0,UK,4.0,5.0,all inclusive,,3.0
5.122,5.0,5.0,UK,3.0,,all inclusive,family,4.0
2.91,5.0,5.0,ES,4.0,5.0,all inclusive,,5.0
2.464,4.0,4.0,ES,4.0,5.0,all inclusive,family,2.0
5.41,5.0,5.0,UK,4.0,5.0,all inclusive,family,5.0
5.101,3.0,,UK,3.0,5.0,,family,5.0
1.464,4.0,4.0,ES,4.0,5.0,all inclusive,family,
4.41,5.0,5.0,DE,4.0,5.0,all inclusive,,4.0
2.676,4.0,4.0,ES,3.0,5.0,all inclusive,friends,5.0
-0.002,1.0,1.0,ES,2.0,5.0,all inclusive,,3.0
4.101,3.0,3.0,DE,3.0,5.0,all inclusive,,3.0
5.41,5.0,5.0,UK,4.0,5.0,,family,5.0
1.91,5.0,5.0,ES,4.0,5.0,all inclusive,,4.0
4.964,4.0,4.0,UK,4.0,5.0,all inclusive,family,
4.101,3.0,3.0,US,3.0,5.0,all inclusive,family,5.0
3.101,3.0,3.0,ES,3.0,5.0,all inclusive,,
0.29,2.0,2.0,ES,3.0,5.0,all inclusive,couple,5.0
1.91,5.0,5.0,ES,4.0,5.0,all inclusive,couple,5.0
3.122,5.0,5.0,ES,3.0,5.0,all inclusive,friends,2.0
5.41,5.0,5.0,UK,4.0,5.0,all inclusive,couple,
4.41,5.0,5.0,UK,4.0,5.0,all inclusive,family,3.0
3.101,3.0,3.0,UK,3.0,5.0,,,5.0
2.91,,5.0,ES,4.0,5.0,all inclusive,couple,5.0
4.964,4.0,4.0,DE,4.0,5.0,,friends,
5.122,5.0,5.0,UK,3.0,5.0,,business,
5.71,5.0,5.0,FR,4.0,5.0,all inclusive,business,2.0
5.41,5.0,5.0,UK,4.0,5.0,all inclusive,,
2.91,5.0,5.0,ES,4.0,5.0,,family,2.0
2.464,4.0,4.0,ES,4.0,5.0,all inclusive,couple,
4.964,4.0,4.0,UK,4.0,5.0,,family,5.0
2.464,4.0,4.0,ES,4.0,5.0,all inclusive,business,5.0
4.41,5.0,5.0,UK,4.0,5.0,all inclusive,couple,
2.122,5.0,5.0,ES,3.0,5.0,,friends,5.0
2.91,5.0,5.0,ES,4.0,5.0,all inclusive,,5.0
4.964,4.0,4.0,UK,4.0,5.0,,friends,
5.41,5.0,5.0,UK,4.0,5.0,all inclusive,family,4.0
2.101,3.0,3.0,ES,3.0,5.0,,family,5.0
5.41,5.0,5.0,UK,4.0,5.0,all inclusive,friends,2.0
5.388,3.0,3.0,DE,4.0,5.0,,,5.0
5.41,5.0,5.0,UK,4.0,5.0,all inclusive,friends,5.0
5.41,5.0,5.0,US,4.0,5.0,all inclusive,family,5.0
0.498,1.0,1.0,UK,2.0,5.0,all inclusive,family,5.0
2.464,4.0,4.0,ES,4.0,5.0,all inclusive,,5.0
4.964,4.0,4.0,UK,4.0,5.0,all inclusive,business,3.0
2.464,4.0,4.0,ES,4.0,5.0,all inclusive,business,2.0
2.884,2.0,2.0,UK,2.0,5.0,all inclusive,,5.0
1.29,,2.0,ES,3.0,5.0,,family,
5.41,5.0,5.0,UK,4.0,5.0,,couple,5.0
3.91,5.0,5.0,ES,4.0,5.0,all inclusive,,
5.633,5.0,5.0,UK,5.0,5.0,all inclusive,family,
2.464,4.0,4.0,ES,4.0,5.0,all inclusive,,4.0
2.101,3.0,3.0,ES,3.0,5.0,all inclusive,,4.0
5.41,5.0,5.0,US,4.0,5.0,all inclusive,,5.0
2.464,4.0,4.0,ES,4.0,5.0,all inclusive,business,4.0
2.798,5.0,5.0,ES,4.0,4.0,all inclusive,business,4.0
4.964,4.0,4.0,UK,4.0,5.0,all inclusive,,2.0
2.884,2.0,2.0,UK,2.0,5.0,all inclusive,,3.0
4.101,3.0,3.0,UK,3.0,5.0,all inclusive,business,
1.498,1.0,1.0,DE,2.0,5.0,all inclusive,friends,
4.964,,4.0,DE,4.0,5.0,all inclusive,couple,5.0
2.464,4.0,4.0,ES,4.0,5.0,all inclusive,,
6.41,5.0,5.0,DE,4.0,5.0,all inclusive,,3.0
4.401,3.0,3.0,FR,3.0,5.0,all inclusive,family,4.0
4.388,3.0,3.0,UK,4.0,5.0,all inclusive,,3.0
2.884,2.0,2.0,DE,2.0,5.0,all inclusive,business,5.0
1.888,3.0,3.0,ES,4.0,5.0,all inclusive,friends,
4.101,3.0,3.0,UK,3.0,5.0,all inclusive,business,4.0
1.91,5.0,5.0,ES,4.0,5.0,,,5.0
5.41,5.0,5.0,US,4.0,5.0,all inclusive,family,5.0
4.964,4.0,4.0,DE,4.0,5.0,all inclusive,,2.0
4.852,4.0,4.0,DE,4.0,4.0,all inclusive,couple,
6.41,5.0,5.0,UK,4.0,5.0,all inclusive,family,4.0
5.41,5.0,5.0,UK,4.0,5.0,all inclusive,,5.0
4.964,4.0,,UK,4.0,5.0,,business,
4.101,3.0,3.0,UK,3.0,5.0,,family,4.0
2.91,5.0,5.0,ES,4.0,5.0,all inclusive,couple,
2.91,5.0,5.0,ES,4.0,5.0,all inclusive,family,
3.964,4.0,4.0,UK,4.0,5.0,all inclusive,couple,4.0
5.633,5.0,5.0,DE,5.0,5.0,,friends,
5.41,5.0,5.0,UK,4.0,5.0,all inclusive,friends,5.0
4.964,4.0,4.0,UK,4.0,5.0,all inclusive,business,4.0
1.884,2.0,2.0,US,2.0,5.0,all inclusive,business,1.0
4.388,3.0,3.0,UK,4.0,5.0,all inclusive,couple,5.0
1.384,2.0,2.0,ES,2.0,5.0,all inclusive,friends,5.0
2.91,5.0,,ES,4.0,5.0,,,4.0
4.964,4.0,4.0,US,4.0,5.0,,business,3.0
6.41,5.0,5.0,UK,4.0,5.0,all inclusive,business,5.0
2.91,5.0,5.0,ES,4.0,5.0,all inclusive,family,5.0
4.401,3.0,3.0,FR,3.0,5.0,all inclusive,family,3.0
6.298,5.0,5.0,UK,4.0,4.0,,family,5.0
2.464,4.0,4.0,ES,4.0,5.0,all inclusive,couple,
1.464,4.0,4.0,ES,4.0,5.0,all inclusive,business,3.0
6.633,5.0,5.0,DE,5.0,5.0,all inclusive,couple,5.0
1.77,4.0,4.0,ES,2.0,5.0,,business,5.0
2.101,3.0,3.0,ES,3.0,5.0,all inclusive,family,5.0
4.401,3.0,3.0,FR,3.0,5.0,all inclusive,,
2.91,5.0,5.0,ES,4.0,5.0,all inclusive,couple,5.0
2.464,4.0,4.0,ES,4.0,5.0,,friends,
5.152,4.0,4.0,FR,4.0,4.0,,couple,
5.41,5.0,,UK,4.0,5.0,all inclusive,friends,4.0
2.101,3.0,3.0,ES,3.0,5.0,,family,
5.264,,4.0,FR,4.0,5.0,all inclusive,family,
4.964,4.0,,UK,4.0,5.0,all inclusive,family,5.0
3.676,4.0,4.0,DE,3.0,5.0,all inclusive,,5.0
2.464,4.0,4.0,ES,4.0,5.0,all inclusive,,2.0
1.91,5.0,5.0,ES,4.0,5.0,all inclusive,couple,
2.676,4.0,4.0,ES,3.0,5.0,all inclusive,friends,5.0
3.964,4.0,4.0,UK,4.0,5.0,all inclusive,,
3.91,5.0,5.0,ES,4.0,5.0,,family,
2.884,2.0,2.0,UK,2.0,5.0,all inclusive,family,
2.676,4.0,4.0,ES,3.0,5.0,all inclusive,,3.0
3.91,5.0,5.0,ES,4.0,5.0,all inclusive,couple,3.0
6.41,5.0,5.0,DE,4.0,5.0,all inclusive,,2.0
3.91,5.0,5.0,ES,4.0,5.0,all inclusive,couple,2.0
2.91,5.0,5.0,ES,4.0,5.0,all inclusive,,4.0
2.464,4.0,4.0,ES,4.0,5.0,all inclusive,couple,3.0
3.989,3.0,,US,3.0,4.0,all inclusive,family,4.0
4.676,4.0,4.0,UK,3.0,5.0,,family,5.0
5.41,5.0,5.0,US,4.0,5.0,,family,5.0
2.464,4.0,4.0,ES,4.0,5.0,all inclusive,business,
2.884,2.0,2.0,UK,2.0,5.0,all inclusive,family,5.0
-0.195,1.0,1.0,ES,1.0,5.0,all inclusive,family,2.0
4.101,3.0,3.0,US,3.0,5.0,all inclusive,couple,3.0
2.464,4.0,4.0,ES,4.0,5.0,all inclusive,,3.0
2.101,3.0,3.0,ES,3.0,5.0,all inclusive,family,2.0
1.101,3.0,3.0,ES,3.0,5.0,,,5.0
2.464,4.0,4.0,ES,4.0,5.0,all inclusive,,5.0
1.676,4.0,4.0,ES,3.0,5.0,all inclusive,,5.0
2.464,4.0,4.0,ES,4.0,5.0,all inclusive,friends,4.0
2.464,4.0,4.0,ES,4.0,5.0,all inclusive,couple,3.0
-0.002,1.0,1.0,ES,2.0,5.0,all inclusive,family,
3.676,4.0,4.0,UK,3.0,5.0,,,5.0
4.41,5.0,5.0,UK,4.0,5.0,all inclusive,family,
2.464,4.0,4.0,ES,4.0,5.0,,,2.0
5.122,5.0,5.0,UK,3.0,5.0,all inclusive,,5.0
1.384,2.0,2.0,ES,2.0,5.0,all inclusive,business,2.0
4.101,3.0,3.0,UK,3.0,5.0,all inclusive,business,
4.101,3.0,,US,3.0,5.0,all inclusive,family,5.0
2.91,5.0,5.0,ES,4.0,5.0,all inclusive,friends,
4.964,4.0,4.0,UK,4.0,5.0,all inclusive,family,
4.388,3.0,3.0,UK,4.0,5.0,all inclusive,couple,4.0
2.101,3.0,3.0,ES,3.0,5.0,all inclusive,family,
1.91,5.0,5.0,ES,4.0,5.0,all inclusive,friends,
1.384,2.0,2.0,ES,2.0,5.0,all inclusive,family,4.0
4.964,4.0,4.0,US,4.0,5.0,all inclusive,,
5.41,5.0,5.0,UK,4.0,5.0,all inclusive,family,1.0
1.77,4.0,4.0,ES,2.0,5.0,all inclusive,friends,
5.41,5.0,5.0,UK,4.0,5.0,all inclusive,couple,4.0
3.91,5.0,5.0,ES,4.0,5.0,all inclusive,,5.0
2.77,4.0,4.0,ES,2.0,5.0,,family,
2.91,5.0,5.0,ES,4.0,5.0,all inclusive,couple,5.0
2.91,5.0,5.0,ES,4.0,5.0,all inclusive,,
2.884,2.0,2.0,US,2.0,5.0,,,4.0
3.964,4.0,4.0,UK,4.0,5.0,all inclusive,,5.0
2.464,4.0,4.0,ES,4.0,5.0,all inclusive,family,4.0
4.964,4.0,4.0,DE,4.0,5.0,all inclusive,family,3.0
4.964,4.0,4.0,UK,4.0,5.0,all inclusive,friends,3.0
4.964,4.0,4.0,UK,4.0,5.0,all inclusive,family,5.0
6.633,5.0,5.0,US,5.0,5.0,all inclusive,,
3.91,5.0,5.0,ES,4.0,5.0,all inclusive,,4.0
4.41,5.0,5.0,DE,4.0,5.0,all inclusive,friends,5.0
2.91,5.0,5.0,ES,4.0,5.0,all inclusive,family,4.0
4.964,4.0,4.0,UK,4.0,5.0,,couple,5.0
3.101,3.0,3.0,ES,3.0,5.0,all inclusive,family,4.0
3.464,4.0,4.0,ES,4.0,5.0,all inclusive,couple,
1.384,2.0,2.0,ES,2.0,5.0,all inclusive,family,4.0
5.41,5.0,5.0,DE,4.0,5.0,all inclusive,,
4.676,4.0,4.0,UK,3.0,5.0,,family,
2.91,5.0,,ES,4.0,5.0,,,
2.91,5.0,5.0,ES,4.0,5.0,all inclusive,,5.0
5.633,5.0,5.0,UK,5.0,5.0,all inclusive,,4.0
2.464,4.0,4.0,ES,4.0,5.0,all inclusive,business,5.0
5.41,5.0,5.0,DE,4.0,5.0,all inclusive,business,
2.464,4.0,4.0,ES,4.0,5.0,all inclusive,friends,4.0
5.41,5.0,,UK,4.0,5.0,,,5.0
2.464,4.0,4.0,ES,4.0,5.0,all inclusive,,4.0
5.41,5.0,5.0,UK,4.0,5.0,all inclusive,friends,1.0
2.464,4.0,4.0,ES,4.0,5.0,all inclusive,business,3.0
5.41,5.0,5.0,US,4.0,5.0,all inclusive,family,1.0
1.888,3.0,3.0,ES,4.0,5.0,,family,4.0
5.41,5.0,5.0,UK,4.0,5.0,all inclusive,couple,2.0
2.884,2.0,2.0,UK,2.0,5.0,,couple,3.0
4.964,4.0,4.0,DE,4.0,5.0,,couple,3.0
2.101,3.0,,ES,3.0,5.0,,family,4.0
1.29,2.0,2.0,ES,3.0,5.0,all inclusive,couple,2.0
2.91,5.0,5.0,ES,4.0,5.0,all inclusive,family,
2.464,4.0,4.0,ES,4.0,5.0,all inclusive,couple,3.0
2.464,4.0,4.0,ES,4.0,5.0,,business,5.0
5.41,5.0,5.0,UK,4.0,5.0,all inclusive,,4.0
4.388,3.0,3.0,UK,4.0,5.0,all inclusive,,
4.964,4.0,4.0,UK,4.0,5.0,all inclusive,business,4.0
2.91,5.0,5.0,ES,4.0,5.0,all inclusive,,3.0
5.41,5.0,5.0,DE,4.0,5.0,all inclusive,friends,5.0
1.91,5.0,5.0,ES,4.0,5.0,all inclusive,,4.0
1.29,2.0,2.0,ES,3.0,5.0,all inclusive,family,3.0
6.41,5.0,5.0,UK,4.0,5.0,all inclusive,family,4.0
5.101,3.0,3.0,DE,3.0,5.0,,business,3.0
2.91,5.0,5.0,ES,4.0,5.0,all inclusive,family,
2.91,5.0,5.0,ES,4.0,5.0,all inclusive,family,3.0
1.884,2.0,2.0,UK,2.0,5.0,all inclusive,,
2.91,5.0,5.0,ES,4.0,5.0,all inclusive,couple,2.0
4.676,4.0,4.0,UK,3.0,5.0,all inclusive,family,
2.91,5.0,,ES,4.0,5.0,all inclusive,couple,4.0
4.964,4.0,4.0,DE,4.0,5.0,all inclusive,friends,4.0
4.964,4.0,4.0,UK,4.0,5.0,,family,4.0
4.964,4.0,4.0,UK,4.0,5.0,all inclusive,business,4.0
4.676,4.0,4.0,UK,3.0,5.0,,couple,
2.91,5.0,5.0,ES,4.0,5.0,,family,4.0
2.464,4.0,,ES,4.0,5.0,all inclusive,family,5.0
5.41,5.0,5.0,UK,4.0,5.0,all inclusive,family,3.0
5.71,5.0,5.0,FR,4.0,5.0,all inclusive,business,
5.101,3.0,3.0,UK,3.0,5.0,all inclusive,family,
5.41,5.0,5.0,UK,4.0,5.0,all inclusive,,4.0
5.41,5.0,5.0,DE,4.0,5.0,all inclusive,,5.0
5.122,5.0,5.0,UK,3.0,5.0,all inclusive,family,
2.464,4.0,4.0,ES,4.0,5.0,all inclusive,couple,3.0
5.41,5.0,5.0,DE,4.0,5.0,,business,2.0
5.41,5.0,5.0,UK,4.0,5.0,all inclusive,,5.0
2.352,4.0,4.0,ES,4.0,4.0,all inclusive,family,
5.122,5.0,5.0,UK,3.0,5.0,,family,4.0
1.464,4.0,4.0,ES,4.0,5.0,all inclusive,couple,
3.101,3.0,3.0,ES,3.0,5.0,all inclusive,,
3.91,5.0,5.0,ES,4.0,5.0,all inclusive,,5.0
3.464,4.0,,ES,4.0,5.0,all inclusive,,5.0
2.91,5.0,5.0,ES,4.0,5.0,all inclusive,family,5.0
1.384,2.0,2.0,ES,2.0,5.0,all inclusive,,5.0
4.964,4.0,4.0,US,4.0,5.0,,family,3.0
5.41,5.0,5.0,DE,4.0,5.0,,family,3.0
2.798,5.0,5.0,ES,4.0,4.0,all inclusive,,4.0
5.41,5.0,5.0,UK,4.0,5.0,all inclusive,,2.0
1.903,1.0,1.0,UK,3.0,5.0,all inclusive,couple,
6.41,5.0,5.0,UK,4.0,5.0,,business,
2.91,5.0,5.0,ES,4.0,5.0,all inclusive,,
1.384,2.0,2.0,ES,2.0,5.0,all inclusive,couple,
3.464,4.0,4.0,ES,4.0,5.0,,,
2.91,5.0,5.0,ES,,5.0,,friends,5.0
5.41,5.0,5.0,DE,4.0,5.0,all inclusive,,5.0
5.41,5.0,5.0,UK,4.0,5.0,,family,5.0
4.964,4.0,4.0,UK,4.0,5.0,all inclusive,business,
5.264,4.0,4.0,FR,4.0,5.0,all inclusive,,5.0
-0.002,1.0,1.0,ES,2.0,5.0,all inclusive,friends,4.0
5.41,5.0,5.0,UK,4.0,5.0,all inclusive,friends,2.0
6.41,5.0,5.0,DE,4.0,5.0,all inclusive,family,2.0
3.91,5.0,5.0,ES,4.0,5.0,all inclusive,,
3.964,4.0,4.0,UK,4.0,5.0,all inclusive,,4.0
6.41,5.0,5.0,UK,4.0,5.0,,,5.0
5.41,5.0,5.0,UK,4.0,5.0,,,
2.91,5.0,5.0,ES,4.0,5.0,,family,3.0
5.41,5.0,5.0,DE,4.0,5.0,,couple,
2.101,3.0,3.0,ES,3.0,5.0,all inclusive,,5.0
5.41,5.0,5.0,US,4.0,5.0,,couple,4.0
2.464,4.0,4.0,ES,4.0,5.0,all inclusive,family,3.0
2.101,3.0,3.0,ES,3.0,5.0,all inclusive,,
5.41,5.0,5.0,US,4.0,5.0,all inclusive,friends,5.0
3.464,4.0,4.0,ES,4.0,5.0,all inclusive,couple,
5.41,5.0,5.0,UK,4.0,5.0,all inclusive,family,
3.464,4.0,4.0,ES,4.0,5.0,all inclusive,,
5.011,5.0,5.0,UK,3.0,4.0,all inclusive,friends,
4.71,5.0,5.0,FR,4.0,5.0,,,5.0
2.77,4.0,4.0,ES,2.0,5.0,all inclusive,,
1.077,2.0,2.0,ES,4.0,5.0,all inclusive,business,5.0
2.101,3.0,3.0,ES,3.0,5.0,all inclusive,,5.0
3.464,4.0,4.0,ES,4.0,5.0,all inclusive,,5.0
2.464,4.0,4.0,ES,4.0,5.0,all inclusive,family,4.0
-0.195,1.0,1.0,ES,1.0,5.0,all inclusive,couple,5.0
1.498,1.0,1.0,UK,2.0,5.0,all inclusive,,2.0
5.122,5.0,5.0,UK,3.0,5.0,all inclusive,family,1.0
2.464,4.0,,ES,4.0,5.0,all inclusive,,3.0
6.41,5.0,5.0,UK,4.0,5.0,all inclusive,couple,
3.011,5.0,5.0,ES,3.0,4.0,all inclusive,,5.0
2.464,4.0,,ES,4.0,5.0,all inclusive,couple,4.0
4.964,4.0,4.0,US,4.0,5.0,all inclusive,family,
3.964,4.0,4.0,UK,4.0,5.0,,family,1.0
1.101,3.0,3.0,ES,3.0,5.0,all inclusive,friends,5.0
5.41,5.0,5.0,DE,4.0,5.0,all inclusive,business,4.0
1.77,4.0,4.0,ES,2.0,5.0,all inclusive,couple,
1.384,2.0,2.0,ES,2.0,5.0,all inclusive,,2.0
4.184,2.0,2.0,FR,2.0,5.0,,business,2.0
5.41,5.0,5.0,UK,4.0,5.0,,family,
5.633,5.0,5.0,UK,5.0,5.0,all inclusive,,5.0
2.464,4.0,4.0,ES,4.0,5.0,,couple,
2.91,5.0,5.0,ES,4.0,5.0,all inclusive,couple,
1.464,4.0,,ES,4.0,5.0,all inclusive,couple,5.0
4.964,4.0,4.0,UK,4.0,5.0,all inclusive,family,
2.464,4.0,4.0,ES,4.0,5.0,all inclusive,couple,
5.41,5.0,5.0,UK,4.0,5.0,all inclusive,couple,5.0
2.464,4.0,4.0,ES,4.0,5.0,all inclusive,business,5.0
2.464,4.0,4.0,ES,4.0,5.0,all inclusive,family,3.0
5.71,5.0,5.0,FR,4.0,5.0,all inclusive,family,
5.41,5.0,5.0,UK,4.0,5.0,,,5.0
2.91,5.0,5.0,ES,4.0,5.0,all inclusive,business,
5.41,5.0,5.0,UK,4.0,5.0,all inclusive,business,5.0
3.91,5.0,,ES,4.0,5.0,all inclusive,friends,
4.101,3.0,3.0,UK,3.0,5.0,all inclusive,business,3.0
2.101,3.0,3.0,ES,3.0,5.0,,friends,
3.464,4.0,4.0,ES,4.0,5.0,,couple,
4.101,3.0,3.0,UK,3.0,5.0,all inclusive,,
2.676,4.0,4.0,ES,3.0,5.0,all inclusive,friends,5.0
1.384,2.0,2.0,ES,2.0,5.0,all inclusive,,5.0
5.41,5.0,5.0,DE,4.0,5.0,all inclusive,family,
-0.002,1.0,1.0,ES,2.0,5.0,,family,5.0
4.964,4.0,4.0,UK,4.0,5.0,all inclusive,,5.0
2.884,2.0,2.0,US,2.0,5.0,all inclusive,business,2.0
1.384,2.0,2.0,ES,,5.0,,,5.0
2.91,5.0,5.0,ES,4.0,5.0,all inclusive,,4.0
3.59,2.0,2.0,FR,3.0,5.0,all inclusive,,4.0
5.401,3.0,3.0,FR,3.0,5.0,all inclusive,,1.0
4.964,4.0,4.0,UK,4.0,5.0,all inclusive,friends,
5.71,5.0,5.0,FR,4.0,5.0,all inclusive,business,
2.464,4.0,4.0,ES,4.0,5.0,all inclusive,family,2.0
1.888,3.0,3.0,ES,4.0,5.0,all inclusive,business,5.0
4.964,4.0,4.0,US,4.0,5.0,all inclusive,friends,5.0
2.101,3.0,3.0,ES,3.0,5.0,all inclusive,business,5.0
2.91,5.0,5.0,ES,4.0,5.0,all inclusive,friends,
4.101,3.0,3.0,US,3.0,5.0,all inclusive,family,5.0
5.41,5.0,5.0,UK,4.0,5.0,all inclusive,family,5.0
3.91,5.0,,ES,4.0,5.0,all inclusive,,5.0
1.384,2.0,2.0,ES,2.0,5.0,all inclusive,business,
2.91,5.0,5.0,ES,4.0,5.0,all inclusive,friends,2.0
5.264,4.0,4.0,FR,4.0,5.0,,,3.0
2.464,4.0,4.0,ES,4.0,5.0,all inclusive,family,3.0
2.884,2.0,2.0,UK,2.0,5.0,all inclusive,friends,3.0
5.41,5.0,5.0,US,4.0,5.0,all inclusive,family,3.0
5.101,3.0,3.0,DE,3.0,5.0,,family,
2.91,5.0,5.0,ES,4.0,5.0,all inclusive,,5.0
5.41,5.0,5.0,UK,4.0,5.0,all inclusive,,
5.41,5.0,5.0,UK,4.0,5.0,all inclusive,friends,
5.264,4.0,4.0,FR,4.0,5.0,all inclusive,friends,5.0
2.91,5.0,5.0,ES,4.0,5.0,,friends,5.0
5.41,5.0,5.0,UK,4.0,5.0,all inclusive,family,5.0
5.41,5.0,5.0,DE,4.0,5.0,all inclusive,business,5.0
3.352,4.0,4.0,ES,4.0,4.0,all inclusive,business,3.0
2.91,5.0,5.0,ES,4.0,5.0,all inclusive,friends,3.0
2.464,4.0,4.0,ES,4.0,5.0,,friends,2.0
3.676,4.0,4.0,UK,3.0,5.0,all inclusive,couple,4.0
3.91,5.0,5.0,ES,4.0,5.0,all inclusive,,1.0
2.798,5.0,5.0,ES,4.0,4.0,all inclusive,business,4.0
0.888,3.0,3.0,ES,4.0,5.0,all inclusive,friends,3.0
3.964,4.0,4.0,UK,4.0,5.0,all inclusive,,4.0
2.91,5.0,5.0,ES,4.0,5.0,,family,
2.464,4.0,4.0,ES,4.0,5.0,all inclusive,business,5.0
5.264,4.0,4.0,FR,4.0,5.0,all inclusive,,
5.264,4.0,4.0,FR,4.0,5.0,all inclusive,,
2.91,5.0,5.0,ES,4.0,5.0,all inclusive,,4.0
2.464,4.0,4.0,ES,4.0,5.0,all inclusive,business,2.0
-0.002,1.0,1.0,ES,2.0,5.0,all inclusive,,
4.964,4.0,4.0,DE,4.0,5.0,all inclusive,family,5.0
2.91,5.0,5.0,ES,4.0,5.0,all inclusive,family,
4.964,4.0,4.0,UK,4.0,5.0,,friends,
4.964,4.0,4.0,US,4.0,5.0,all inclusive,family,
4.41,5.0,5.0,DE,4.0,5.0,all inclusive,couple,
3.29,2.0,2.0,DE,3.0,5.0,all inclusive,,
2.91,5.0,5.0,ES,4.0,5.0,all inclusive,,4.0
2.101,3.0,3.0,ES,3.0,5.0,all inclusive,couple,5.0
1.91,5.0,5.0,ES,4.0,5.0,all inclusive,family,3.0
5.41,5.0,5.0,DE,4.0,5.0,all inclusive,,4.0
2.195,3.0,3.0,ES,2.0,5.0,all inclusive,family,
2.91,5.0,5.0,ES,4.0,5.0,all inclusive,,
5.41,5.0,5.0,UK,4.0,5.0,all inclusive,,
4.964,4.0,4.0,UK,4.0,5.0,all inclusive,business,4.0
2.91,5.0,5.0,ES,4.0,5.0,all inclusive,couple,
5.41,5.0,5.0,US,4.0,5.0,all inclusive,couple,5.0
2.101,3.0,3.0,ES,3.0,5.0,all inclusive,couple,5.0
5.964,4.0,4.0,US,4.0,5.0,all inclusive,friends,4.0
2.464,4.0,4.0,ES,4.0,5.0,all inclusive,family,
2.884,2.0,2.0,UK,2.0,5.0,all inclusive,family,4.0
2.464,4.0,4.0,ES,4.0,5.0,all inclusive,couple,3.0
2.91,5.0,5.0,ES,4.0,,all inclusive,friends,4.0
3.964,4.0,4.0,UK,4.0,5.0,,family,5.0
5.71,5.0,5.0,FR,4.0,5.0,all inclusive,,5.0
4.101,3.0,3.0,US,3.0,5.0,,friends,4.0
3.464,4.0,4.0,ES,4.0,5.0,all inclusive,,5.0
1.498,1.0,1.0,UK,2.0,5.0,all inclusive,,2.0
1.384,2.0,2.0,ES,2.0,5.0,all inclusive,,
2.464,4.0,4.0,ES,4.0,5.0,all inclusive,,5.0
3.695,3.0,3.0,DE,2.0,5.0,all inclusive,business,4.0
2.91,5.0,5.0,ES,4.0,5.0,all inclusive,family,4.0
1.464,4.0,4.0,ES,4.0,5.0,all inclusive,,5.0
4.995,3.0,3.0,FR,2.0,5.0,all inclusive,friends,5.0
4.964,4.0,4.0,DE,4.0,5.0,all inclusive,family,
5.41,5.0,5.0,UK,4.0,5.0,all inclusive,family,5.0
2.91,5.0,5.0,ES,4.0,5.0,all inclusive,,3.0
5.41,5.0,5.0,UK,4.0,5.0,all inclusive,family,4.0
1.384,2.0,,ES,2.0,5.0,all inclusive,couple,2.0
1.91,5.0,5.0,ES,4.0,5.0,all inclusive,business,5.0
2.91,5.0,5.0,ES,4.0,5.0,all inclusive,friends,
2.464,4.0,4.0,ES,4.0,5.0,all inclusive,couple,
2.91,5.0,5.0,ES,4.0,5.0,all inclusive,,5.0
3.101,3.0,3.0,UK,3.0,5.0,all inclusive,business,1.0
4.101,3.0,3.0,UK,3.0,5.0,,,
5.852,4.0,4.0,UK,4.0,4.0,,,5.0
2.91,5.0,5.0,ES,4.0,5.0,all inclusive,,5.0
5.41,5.0,5.0,UK,4.0,5.0,all inclusive,family,4.0
1.29,2.0,2.0,ES,3.0,5.0,all inclusive,,
-1.002,1.0,1.0,ES,2.0,5.0,all inclusive,,5.0
4.964,4.0,4.0,DE,4.0,5.0,all inclusive,family,3.0
1.384,2.0,2.0,ES,2.0,5.0,all inclusive,family,
5.401,3.0,3.0,FR,3.0,5.0,,family,
5.41,5.0,5.0,US,4.0,5.0,all inclusive,family,
1.273,2.0,2.0,ES,2.0,4.0,all inclusive,,3.0
2.91,5.0,5.0,ES,4.0,5.0,all inclusive,family,5.0
2.464,4.0,4.0,ES,4.0,5.0,all inclusive,friends,5.0
4.964,4.0,4.0,UK,4.0,5.0,all inclusive,,1.0
0.998,1.0,1.0,ES,2.0,5.0,,friends,1.0
5.41,5.0,5.0,DE,4.0,,all inclusive,couple,3.0
2.91,5.0,5.0,ES,4.0,5.0,all inclusive,family,1.0
4.964,4.0,4.0,UK,4.0,5.0,all inclusive,couple,4.0
5.41,5.0,5.0,UK,4.0,5.0,all inclusive,,2.0
4.964,4.0,4.0,US,4.0,5.0,all inclusive,friends,5.0
5.41,5.0,5.0,DE,4.0,5.0,,couple,5.0
4.964,4.0,4.0,UK,4.0,5.0,all inclusive,family,4.0
4.964,4.0,4.0,UK,4.0,5.0,all inclusive,family,2.0
2.91,5.0,5.0,ES,4.0,5.0,all inclusive,business,
2.884,2.0,,US,2.0,5.0,all inclusive,couple,5.0
0.998,1.0,1.0,ES,2.0,5.0,all inclusive,couple,5.0
5.633,,5.0,DE,5.0,5.0,,family,5.0
5.41,5.0,5.0,US,4.0,5.0,all inclusive,family,
2.464,4.0,4.0,ES,4.0,5.0,,friends,5.0
6.71,5.0,5.0,FR,4.0,5.0,all inclusive,family,2.0
4.964,4.0,4.0,UK,4.0,5.0,all inclusive,couple,
4.101,3.0,3.0,DE,3.0,5.0,all inclusive,family,3.0
1.384,2.0,2.0,ES,2.0,5.0,all inclusive,friends,5.0
-0.002,1.0,1.0,ES,2.0,5.0,,couple,1.0
5.964,4.0,4.0,UK,4.0,5.0,all inclusive,family,5.0
2.676,4.0,4.0,ES,3.0,5.0,all inclusive,couple,5.0
2.91,5.0,5.0,ES,4.0,5.0,,,